type,seq,timestamp,taget_seq,taget,mac,rssi,rate,sig_mode,mcs,cwb,smoothing,not_sounding,aggregation,stbc,fec_coding,sgi,noise_floor,ampdu_cnt,channel_primary,channel_secondary,local_timestamp,ant,sig_len,rx_state,len,first_word_invalid,data
CSI_DATA,69121,2023-11-13 21:28:52.829,1,stand,d4:da:21:98:07:d9,-28,11,0,0,0,0,0,0,0,0,0,-99,0,12,2,848716418,0,37,0,104,0,"[-17, -11, -14, -9, -11, -8, -6, -7, -2, -8, 3, -9, 6, -12, 8, -15, 9, -19, 10, -22, 10, -25, 9, -26, 6, -25, 4, -25, 3, -22, 3, -21, 3, -17, 5, -14, 7, -11, 11, -10, 14, -9, 18, -9, 21, -10, 24, -10, 24, -11, 23, -11, 18, -9, 15, -7, 11, -4, 9, 0, 8, 4, 7, 7, 8, 10, 9, 11, 11, 12, 12, 12, 12, 11, 12, 9, 11, 6, 10, 4, 7, 1, 4, -1, 1, -2, -2, -2, -5, -2, -6, -1, -7, 1, -8, 3, -8, 4, -6, 6, -4, 6, -2, 6]"
CSI_DATA,69122,2023-11-13 21:28:52.839,1,stand,d4:da:21:98:07:d9,-28,11,0,0,0,0,0,0,0,0,0,-99,0,12,2,848728666,0,37,0,104,0,"[-1, 18, 0, 15, -1, 11, -3, 7, -6, 4, -9, 1, -13, 0, -16, 0, -20, 0, -22, 2, -25, 3, -26, 5, -23, 7, -23, 8, -19, 8, -18, 7, -15, 5, -14, 2, -13, -1, -14, -5, -15, -8, -17, -11, -19, -12, -21, -15, -22, -15, -22, -13, -17, -10, -14, -9, -9, -8, -5, -8, -2, -9, 1, -11, 3, -12, 3, -14, 4, -16, 3, -17, 1, -17, 0, -15, -2, -13, -3, -11, -4, -7, -3, -4, -3, -1, -1, 1, 1, 3, 3, 4, 5, 4, 6, 3, 7, 2, 7, 0, 7, -2, 6, -3]"
CSI_DATA,69123,2023-11-13 21:28:52.856,1,stand,d4:da:21:98:07:d9,-28,11,0,0,0,0,0,0,0,0,0,-99,0,12,2,848744212,0,37,0,104,0,"[-15, -13, -12, -11, -9, -9, -5, -7, 0, -7, 4, -8, 8, -10, 10, -13, 12, -16, 13, -19, 14, -22, 12, -23, 9, -23, 8, -23, 6, -21, 6, -19, 5, -16, 7, -12, 9, -10, 12, -8, 15, -6, 19, -6, 21, -6, 25, -6, 25, -6, 24, -7, 19, -6, 15, -4, 12, -2, 9, 2, 7, 5, 6, 8, 6, 11, 6, 12, 8, 13, 9, 14, 10, 13, 10, 11, 9, 8, 9, 5, 7, 2, 4, 0, 2, -2, -1, -2, -4, -2, -6, -1, -7, 0, -8, 1, -8, 3, -7, 4, -5, 5, -3, 6]"
CSI_DATA,69124,2023-11-13 21:28:52.867,1,stand,d4:da:21:98:07:d9,-28,11,0,0,0,0,0,0,0,0,0,-99,0,12,2,848756081,0,37,0,104,0,"[5, 18, 5, 14, 3, 11, 0, 8, -4, 5, -8, 4, -12, 4, -15, 5, -19, 6, -21, 8, -23, 11, -22, 13, -20, 14, -19, 15, -16, 14, -15, 12, -13, 10, -13, 6, -13, 3, -15, -1, -17, -3, -20, -6, -22, -6, -25, -8, -26, -8, -25, -7, -20, -5, -16, -5, -11, -5, -7, -6, -4, -9, -2, -11, 0, -13, 0, -15, 0, -17, -2, -17, -3, -17, -4, -15, -5, -12, -6, -10, -5, -6, -5, -3, -3, -1, -1, 2, 2, 3, 4, 3, 5, 3, 7, 2, 7, 0, 7, -2, 6, -3, 5, -4]"
CSI_DATA,69125,2023-11-13 21:28:52.875,1,stand,d4:da:21:98:07:d9,-28,11,0,0,0,0,0,0,0,0,0,-99,0,12,2,848764074,0,37,0,104,0,"[2, -22, 1, -18, 1, -13, 3, -9, 6, -4, 9, -1, 13, 1, 17, 1, 21, 2, 25, 0, 28, -1, 29, -3, 26, -5, 26, -7, 22, -7, 20, -6, 17, -4, 15, -1, 13, 3, 14, 7, 14, 10, 16, 15, 18, 17, 20, 20, 20, 20, 21, 19, 16, 14, 12, 12, 8, 10, 3, 9, -1, 9, -5, 10, -8, 12, -9, 13, -9, 15, -9, 17, -8, 17, -5, 16, -3, 14, -1, 12, 1, 8, 2, 5, 2, 1, 1, -2, 0, -5, -2, -7, -4, -7, -6, -7, -8, -6, -9, -4, -9, -2, -8, 0]"
CSI_DATA,69126,2023-11-13 21:28:52.887,1,stand,d4:da:21:98:07:d9,-28,11,0,0,0,0,0,0,0,0,0,-99,0,12,2,848776081,0,37,0,104,0,"[5, -20, 4, -16, 4, -12, 4, -8, 6, -3, 9, 1, 13, 4, 16, 5, 20, 6, 23, 5, 27, 5, 27, 3, 26, 0, 26, -1, 22, -2, 20, -1, 17, 0, 14, 2, 12, 6, 11, 10, 11, 13, 12, 18, 13, 20, 14, 23, 15, 24, 15, 22, 12, 17, 9, 15, 5, 11, 0, 9, -3, 8, -7, 8, -10, 9, -12, 10, -13, 12, -13, 14, -11, 14, -9, 14, -6, 13, -4, 11, -1, 8, 0, 5, 2, 2, 1, -2, 1, -4, -1, -6, -2, -8, -4, -8, -6, -7, -7, -6, -8, -4, -8, -2]"
CSI_DATA,69127,2023-11-13 21:28:52.899,1,stand,d4:da:21:98:07:d9,-28,11,0,0,0,0,0,0,0,0,0,-99,0,12,2,848788072,0,37,0,104,0,"[-9, -18, -7, -14, -4, -11, -2, -8, 3, -6, 7, -5, 11, -5, 14, -6, 18, -8, 20, -10, 21, -13, 21, -15, 18, -16, 17, -16, 15, -14, 14, -13, 12, -10, 11, -6, 12, -3, 13, 1, 15, 3, 18, 7, 20, 7, 23, 9, 24, 9, 23, 7, 18, 6, 14, 6, 10, 5, 5, 6, 1, 8, -1, 9, -3, 12, -4, 13, -4, 15, -3, 16, -1, 17, 1, 15, 2, 12, 3, 10, 3, 6, 3, 3, 2, 0, 1, -3, -1, -4, -3, -5, -5, -5, -7, -5, -7, -4, -8, -2, -8, 0, -7, 1]"
CSI_DATA,69128,2023-11-13 21:28:52.916,1,stand,d4:da:21:98:07:d9,-28,11,0,0,0,0,0,0,0,0,0,-99,0,12,2,848804075,0,37,0,104,0,"[18, 0, 15, 0, 11, 1, 7, 2, 3, 5, 0, 8, -2, 12, -2, 15, -2, 19, -1, 21, 1, 24, 3, 25, 4, 23, 6, 22, 6, 19, 4, 17, 3, 15, 0, 13, -4, 12, -7, 12, -10, 12, -14, 14, -15, 15, -18, 17, -18, 18, -17, 18, -13, 14, -11, 10, -10, 7, -8, 2, -9, -2, -9, -5, -11, -7, -12, -9, -14, -9, -15, -8, -16, -7, -15, -5, -13, -3, -12, -1, -8, 1, -5, 2, -2, 2, 1, 2, 3, 0, 5, -1, 6, -3, 6, -5, 5, -6, 3, -7, 2, -8, 0, -7]"
CSI_DATA,69129,2023-11-13 21:28:52.929,1,stand,d4:da:21:98:07:d9,-28,11,0,0,0,0,0,0,0,0,0,-99,0,12,2,848818937,0,37,0,104,0,"[18, -5, 14, -5, 11, -3, 8, 0, 5, 4, 3, 8, 2, 12, 3, 15, 4, 19, 6, 21, 8, 24, 10, 24, 11, 21, 12, 20, 11, 17, 10, 16, 7, 13, 4, 12, 0, 13, -4, 13, -6, 15, -10, 17, -11, 19, -13, 22, -13, 23, -12, 22, -9, 17, -8, 13, -7, 9, -8, 4, -9, 0, -10, -3, -12, -5, -14, -5, -16, -5, -17, -5, -17, -3, -16, -1, -14, 1, -12, 2, -8, 3, -5, 3, -1, 3, 1, 1, 3, 0, 5, -2, 5, -4, 5, -6, 3, -7, 2, -8, 0, -8, -2, -7]"
CSI_DATA,69130,2023-11-13 21:28:52.963,1,stand,d4:da:21:98:07:d9,-28,11,0,0,0,0,0,0,0,0,0,-99,0,12,2,848852096,0,37,0,104,0,"[4, 18, 4, 15, 2, 11, -1, 8, -5, 5, -9, 3, -13, 2, -16, 2, -20, 3, -23, 5, -25, 7, -25, 8, -22, 10, -22, 10, -18, 10, -18, 8, -15, 6, -14, 3, -14, 0, -14, -4, -16, -7, -17, -11, -19, -12, -21, -14, -22, -14, -21, -13, -16, -10, -13, -9, -8, -8, -4, -8, 0, -9, 3, -10, 5, -12, 6, -13, 7, -15, 6, -17, 5, -17, 2, -16, 0, -14, -2, -12, -3, -9, -4, -5, -4, -2, -3, 1, -2, 3, 0, 5, 2, 5, 4, 5, 5, 5, 6, 3, 7, 1, 6, -1]"
CSI_DATA,69131,2023-11-13 21:28:52.982,1,stand,d4:da:21:98:07:d9,-29,11,0,0,0,0,0,0,0,0,0,-99,0,12,2,848864077,0,37,0,104,0,"[21, 0, 17, 0, 13, 1, 8, 3, 4, 6, 0, 9, -2, 13, -2, 17, -2, 21, -1, 24, 0, 27, 2, 27, 4, 25, 5, 25, 5, 21, 4, 20, 2, 17, -1, 15, -4, 13, -8, 13, -11, 14, -16, 15, -17, 16, -20, 18, -21, 18, -19, 18, -15, 14, -12, 10, -10, 5, -9, 1, -9, -3, -10, -7, -11, -10, -13, -11, -15, -12, -16, -11, -17, -10, -16, -7, -14, -4, -13, -1, -10, 1, -6, 2, -3, 3, 0, 3, 3, 2, 5, 0, 6, -2, 7, -4, 6, -6, 5, -7, 3, -8, 1, -8]"
CSI_DATA,69132,2023-11-13 21:28:52.990,1,stand,d4:da:21:98:07:d9,-29,11,0,0,0,0,0,0,0,0,0,-99,0,12,2,848876082,0,37,0,104,0,"[20, 5, 16, 4, 12, 4, 7, 4, 3, 6, -2, 9, -4, 13, -5, 16, -6, 20, -6, 24, -5, 27, -4, 27, -1, 26, 0, 26, 1, 22, 0, 21, -1, 17, -3, 15, -7, 13, -11, 12, -14, 12, -18, 12, -20, 13, -23, 14, -23, 15, -21, 15, -16, 11, -14, 8, -11, 4, -9, -1, -8, -5, -9, -9, -10, -11, -11, -13, -13, -14, -15, -13, -16, -12, -15, -9, -14, -6, -13, -4, -10, 0, -6, 2, -3, 3, 0, 3, 3, 2, 5, 1, 7, -1, 7, -3, 7, -5, 6, -6, 4, -7, 2, -8]"
CSI_DATA,69133,2023-11-13 21:28:52.998,1,stand,d4:da:21:98:07:d9,-28,11,0,0,0,0,0,0,0,0,0,-99,0,12,2,848888206,0,37,0,104,0,"[-16, 17, -13, 14, -10, 10, -9, 5, -9, -1, -10, -6, -12, -10, -15, -13, -19, -16, -22, -17, -25, -18, -26, -17, -26, -14, -26, -13, -24, -10, -22, -10, -18, -10, -14, -10, -11, -13, -9, -16, -7, -19, -6, -24, -5, -26, -5, -30, -5, -30, -6, -28, -5, -22, -2, -17, 0, -13, 4, -9, 8, -6, 11, -5, 14, -5, 17, -6, 18, -7, 18, -9, 18, -10, 15, -11, 11, -11, 8, -11, 3, -10, 0, -7, -2, -5, -4, -1, -5, 2, -4, 5, -3, 7, -1, 8, 0, 9, 3, 8, 5, 7, 5, 5]"
CSI_DATA,69134,2023-11-13 21:28:53.015,1,stand,d4:da:21:98:07:d9,-28,11,0,0,0,0,0,0,0,0,0,-99,0,12,2,848904078,0,37,0,104,0,"[1, 20, 1, 17, 0, 13, -3, 9, -6, 5, -10, 2, -14, 0, -17, 0, -21, 0, -24, 2, -27, 4, -27, 5, -25, 7, -24, 8, -21, 8, -20, 6, -18, 5, -16, 2, -15, -2, -16, -6, -16, -9, -18, -12, -19, -13, -22, -16, -22, -16, -21, -14, -16, -11, -12, -10, -7, -9, -3, -9, 1, -10, 4, -11, 6, -13, 7, -15, 7, -17, 6, -18, 4, -18, 2, -17, -1, -14, -2, -12, -4, -8, -4, -5, -4, -1, -3, 2, -1, 4, 1, 5, 3, 6, 4, 5, 6, 4, 7, 3, 7, 0, 6, -2]"
CSI_DATA,69135,2023-11-13 21:28:53.022,1,stand,d4:da:21:98:07:d9,-28,11,0,0,0,0,0,0,0,0,0,-99,0,12,2,848919299,0,37,0,104,0,"[16, 11, 13, 9, 9, 7, 5, 7, 0, 7, -4, 8, -8, 10, -10, 13, -12, 15, -13, 19, -13, 22, -12, 23, -9, 22, -8, 23, -6, 20, -7, 18, -7, 15, -8, 12, -10, 10, -13, 8, -16, 7, -20, 6, -21, 6, -24, 6, -25, 6, -23, 7, -18, 5, -14, 3, -11, 0, -8, -4, -6, -7, -6, -10, -6, -13, -7, -14, -8, -15, -10, -15, -11, -14, -11, -11, -11, -8, -10, -6, -9, -2, -6, 0, -3, 2, -1, 3, 2, 3, 4, 2, 6, 1, 7, -1, 7, -3, 6, -4, 5, -6, 3, -6]"
CSI_DATA,69136,2023-11-13 21:28:53.037,1,stand,d4:da:21:98:07:d9,-28,11,0,0,0,0,0,0,0,0,0,-99,0,12,2,848928076,0,37,0,104,0,"[6, 18, 4, 15, 2, 12, 0, 8, -4, 6, -8, 3, -13, 3, -15, 4, -19, 5, -22, 7, -23, 9, -23, 11, -21, 12, -20, 13, -17, 12, -17, 11, -14, 8, -14, 5, -14, 2, -16, -2, -17, -4, -19, -7, -21, -8, -23, -10, -23, -9, -22, -8, -17, -7, -13, -7, -8, -6, -5, -7, -1, -9, 1, -11, 3, -13, 3, -15, 3, -16, 1, -17, 0, -17, -2, -15, -4, -12, -5, -10, -5, -7, -5, -4, -4, -1, -2, 2, -1, 4, 2, 4, 4, 5, 5, 4, 6, 3, 7, 1, 6, -1, 5, -3]"
CSI_DATA,69137,2023-11-13 21:28:53.053,1,stand,d4:da:21:98:07:d9,-28,11,0,0,0,0,0,0,0,0,0,-99,0,12,2,848944078,0,37,0,104,0,"[-18, -12, -15, -10, -11, -9, -6, -7, -1, -8, 3, -9, 7, -11, 9, -14, 11, -17, 12, -21, 12, -24, 11, -25, 8, -24, 7, -25, 5, -22, 6, -21, 6, -17, 7, -14, 9, -11, 13, -9, 16, -8, 19, -7, 21, -8, 25, -8, 25, -8, 23, -8, 18, -6, 14, -4, 10, -1, 7, 3, 6, 6, 5, 10, 5, 12, 6, 14, 7, 15, 9, 15, 10, 14, 11, 11, 10, 7, 10, 5, 8, 2, 5, -1, 2, -3, -1, -4, -3, -4, -6, -3, -7, -2, -8, -1, -8, 1, -7, 3, -6, 5, -4, 5]"
CSI_DATA,69138,2023-11-13 21:28:53.053,1,stand,d4:da:21:98:07:d9,-28,11,0,0,0,0,0,0,0,0,0,-99,0,12,2,848956081,0,37,0,104,0,"[-14, -17, -11, -14, -8, -11, -4, -9, 1, -8, 6, -7, 10, -8, 13, -10, 16, -13, 18, -15, 19, -18, 18, -20, 16, -20, 15, -21, 12, -19, 12, -17, 11, -14, 11, -11, 12, -7, 15, -5, 17, -2, 20, 0, 22, 0, 25, 1, 26, 1, 24, 0, 18, 1, 14, 2, 10, 3, 6, 5, 3, 8, 1, 11, 0, 13, 0, 15, 1, 17, 3, 17, 5, 17, 6, 14, 7, 11, 7, 8, 6, 4, 5, 1, 3, -2, 1, -4, -2, -5, -4, -5, -6, -5, -8, -3, -9, -2, -8, 0, -7, 2, -6, 4]"
CSI_DATA,69139,2023-11-13 21:28:53.074,1,stand,d4:da:21:98:07:d9,-28,11,0,0,0,0,0,0,0,0,0,-99,0,12,2,848968552,0,37,0,104,0,"[-1, -21, -1, -17, 0, -13, 2, -9, 5, -5, 8, -1, 12, 1, 15, 1, 19, 1, 22, 0, 25, -1, 26, -3, 24, -5, 23, -6, 20, -6, 19, -4, 16, -3, 14, 0, 13, 3, 13, 6, 13, 9, 14, 13, 15, 15, 17, 17, 17, 17, 16, 16, 11, 12, 8, 10, 4, 8, 0, 8, -4, 8, -7, 8, -10, 9, -10, 11, -11, 12, -10, 14, -9, 14, -6, 13, -3, 12, -1, 10, 1, 7, 3, 4, 4, 1, 3, -2, 2, -5, 1, -7, -1, -8, -3, -8, -5, -7, -6, -6, -7, -4, -7, -2]"
CSI_DATA,69140,2023-11-13 21:28:53.086,1,stand,d4:da:21:98:07:d9,-29,11,0,0,0,0,0,0,0,0,0,-99,0,12,2,848984083,0,37,0,104,0,"[19, -6, 15, -5, 11, -3, 8, 0, 5, 4, 2, 8, 2, 12, 2, 15, 3, 19, 4, 21, 6, 24, 8, 24, 9, 22, 10, 21, 10, 18, 8, 17, 6, 15, 3, 14, 0, 14, -3, 14, -6, 15, -9, 17, -10, 18, -12, 20, -12, 20, -11, 19, -9, 14, -8, 10, -8, 6, -8, 1, -9, -2, -11, -5, -13, -6, -14, -7, -16, -6, -17, -5, -17, -4, -15, -2, -13, 1, -11, 2, -7, 4, -3, 4, 0, 4, 3, 2, 5, 1, 6, -1, 6, -4, 6, -5, 4, -7, 3, -8, 1, -8, -1, -7]"
CSI_DATA,69141,2023-11-13 21:28:53.105,1,stand,d4:da:21:98:07:d9,-29,11,0,0,0,0,0,0,0,0,0,-99,0,12,2,848996650,0,37,0,104,0,"[20, 8, 16, 6, 12, 5, 7, 5, 1, 6, -4, 8, -8, 11, -10, 14, -12, 18, -13, 21, -13, 25, -12, 26, -9, 24, -8, 25, -6, 22, -6, 20, -7, 17, -8, 14, -11, 11, -14, 9, -17, 7, -20, 6, -23, 6, -25, 6, -25, 6, -24, 6, -18, 3, -14, 1, -10, -2, -7, -5, -5, -9, -4, -12, -4, -15, -5, -16, -6, -18, -8, -18, -9, -16, -10, -13, -10, -10, -10, -7, -8, -3, -6, 0, -4, 3, -1, 5, 2, 5, 5, 5, 6, 4, 8, 2, 8, 0, 8, -2, 7, -4, 5, -5]"
CSI_DATA,69142,2023-11-13 21:28:53.105,1,stand,d4:da:21:98:07:d9,-29,11,0,0,0,0,0,0,0,0,0,-99,0,12,2,849004082,0,37,0,104,0,"[-20, -9, -17, -7, -12, -6, -7, -6, -2, -7, 3, -9, 7, -12, 9, -15, 11, -19, 12, -22, 12, -25, 11, -26, 8, -25, 8, -25, 6, -23, 6, -21, 6, -17, 7, -14, 10, -11, 13, -9, 16, -8, 19, -7, 21, -7, 24, -6, 24, -6, 23, -6, 16, -4, 13, -2, 9, 1, 5, 5, 4, 8, 2, 11, 2, 14, 3, 16, 4, 17, 6, 17, 8, 16, 8, 13, 9, 9, 9, 6, 7, 2, 5, -1, 3, -4, 0, -6, -3, -6, -5, -6, -7, -5, -9, -4, -9, -2, -9, 0, -8, 2, -6, 4]"
CSI_DATA,69143,2023-11-13 21:28:53.117,1,stand,d4:da:21:98:07:d9,-29,11,0,0,0,0,0,0,0,0,0,-99,0,12,2,849016080,0,37,0,104,0,"[-21, -3, -17, -2, -13, -3, -8, -4, -4, -6, 0, -9, 3, -13, 4, -16, 5, -20, 6, -22, 5, -25, 4, -26, 2, -25, 1, -25, 0, -22, 1, -20, 2, -17, 4, -14, 7, -12, 10, -11, 13, -10, 16, -10, 18, -10, 21, -10, 21, -10, 19, -10, 14, -6, 11, -4, 8, -1, 5, 3, 4, 7, 4, 10, 4, 13, 5, 14, 7, 15, 8, 15, 9, 14, 9, 11, 9, 7, 9, 5, 7, 1, 5, -2, 3, -4, 0, -6, -3, -6, -5, -6, -7, -5, -9, -3, -9, -1, -8, 1, -7, 2, -6, 4]"
CSI_DATA,69144,2023-11-13 21:28:53.133,1,stand,d4:da:21:98:07:d9,-29,11,0,0,0,0,0,0,0,0,0,-99,0,12,2,849024092,0,37,0,104,0,"[-6, 19, -5, 15, -5, 11, -5, 7, -7, 2, -9, -2, -12, -6, -15, -7, -18, -9, -21, -9, -24, -10, -25, -9, -24, -6, -24, -6, -21, -5, -20, -5, -16, -6, -14, -8, -11, -9, -9, -13, -8, -15, -7, -18, -8, -20, -8, -23, -7, -22, -7, -21, -5, -15, -2, -12, 0, -8, 4, -5, 7, -4, 10, -3, 13, -3, 15, -4, 16, -5, 16, -7, 15, -8, 12, -9, 8, -9, 6, -9, 2, -8, -1, -6, -4, -4, -6, -1, -7, 1, -7, 4, -6, 6, -4, 7, -3, 8, -1, 8, 1, 7, 3, 5]"
CSI_DATA,69145,2023-11-13 21:28:53.136,1,stand,d4:da:21:98:07:d9,-29,11,0,0,0,0,0,0,0,0,0,-99,0,12,2,849036357,0,37,0,104,0,"[14, 14, 11, 11, 8, 9, 4, 7, -2, 6, -6, 6, -10, 7, -13, 8, -16, 10, -19, 12, -20, 15, -20, 16, -18, 16, -17, 16, -15, 15, -15, 12, -13, 10, -13, 7, -14, 4, -15, 1, -17, -2, -19, -4, -20, -5, -22, -7, -22, -7, -21, -6, -15, -5, -10, -5, -6, -5, -2, -7, 2, -9, 4, -11, 6, -13, 6, -14, 6, -16, 4, -17, 3, -18, 0, -16, -2, -13, -4, -11, -5, -7, -6, -3, -5, 0, -5, 3, -3, 6, -1, 7, 1, 8, 3, 8, 5, 7, 6, 5, 6, 3, 6, 0]"
CSI_DATA,69146,2023-11-13 21:28:53.149,1,stand,d4:da:21:98:07:d9,-29,11,0,0,0,0,0,0,0,0,0,-99,0,12,2,849045222,0,37,0,104,0,"[12, 16, 10, 13, 6, 11, 3, 8, -2, 6, -7, 5, -11, 6, -14, 6, -18, 8, -20, 10, -22, 12, -22, 13, -20, 14, -19, 14, -17, 13, -17, 11, -15, 9, -14, 5, -14, 2, -16, -1, -17, -4, -19, -7, -20, -7, -22, -9, -22, -9, -21, -8, -14, -7, -10, -6, -5, -6, -1, -7, 3, -8, 6, -10, 7, -12, 7, -14, 7, -16, 6, -17, 4, -17, 1, -16, -1, -13, -3, -11, -5, -7, -6, -4, -6, 0, -5, 3, -4, 6, -2, 7, 0, 8, 2, 8, 4, 7, 6, 5, 7, 3, 6, 1]"
CSI_DATA,69147,2023-11-13 21:28:53.165,1,stand,d4:da:21:98:07:d9,-29,11,0,0,0,0,0,0,0,0,0,-99,0,12,2,849056080,0,37,0,104,0,"[-1, -21, 0, -18, 1, -13, 2, -10, 5, -5, 8, -2, 11, 0, 14, 2, 18, 2, 21, 2, 24, 2, 25, 1, 23, -1, 23, -1, 20, -1, 18, 0, 16, 1, 14, 3, 12, 6, 11, 9, 11, 12, 11, 15, 11, 16, 12, 19, 12, 19, 11, 17, 7, 12, 4, 9, 0, 6, -4, 4, -8, 4, -11, 4, -14, 4, -15, 6, -16, 7, -15, 9, -14, 10, -11, 11, -8, 10, -5, 10, -1, 7, 2, 5, 4, 2, 5, -1, 6, -4, 5, -6, 4, -8, 2, -9, 0, -9, -2, -9, -4, -8, -5, -6]"
CSI_DATA,69148,2023-11-13 21:28:53.168,1,stand,d4:da:21:98:07:d9,-29,11,0,0,0,0,0,0,0,0,0,-99,0,12,2,849064262,0,37,0,104,0,"[-19, 15, -16, 13, -13, 9, -11, 4, -9, -1, -9, -7, -9, -11, -11, -15, -13, -19, -15, -21, -18, -24, -19, -24, -19, -21, -19, -21, -17, -18, -15, -18, -12, -16, -8, -16, -5, -17, -2, -19, 1, -20, 4, -23, 4, -25, 6, -27, 6, -26, 5, -24, 4, -17, 4, -12, 5, -6, 6, -1, 9, 3, 12, 5, 14, 7, 17, 7, 19, 6, 20, 4, 20, 3, 18, 0, 14, -3, 11, -5, 7, -6, 2, -7, -2, -7, -6, -5, -8, -3, -10, -1, -10, 2, -10, 4, -9, 6, -7, 7, -4, 8, -1, 8]"
CSI_DATA,69149,2023-11-13 21:28:53.181,1,stand,d4:da:21:98:07:d9,-29,11,0,0,0,0,0,0,0,0,0,-99,0,12,2,849076448,0,37,0,104,0,"[-15, 17, -13, 14, -11, 10, -9, 6, -8, 0, -9, -5, -10, -9, -12, -12, -14, -15, -17, -17, -19, -19, -20, -19, -20, -16, -21, -16, -18, -14, -16, -14, -13, -13, -10, -13, -7, -15, -4, -17, -2, -19, 0, -22, 1, -23, 2, -26, 2, -26, 1, -23, 1, -16, 2, -12, 3, -7, 6, -2, 8, 1, 11, 3, 14, 4, 16, 4, 18, 3, 19, 2, 19, 0, 16, -3, 13, -5, 10, -6, 5, -7, 1, -7, -3, -6, -6, -4, -8, -2, -9, 1, -9, 3, -9, 5, -7, 6, -5, 7, -3, 8, 0, 7]"
CSI_DATA,69150,2023-11-13 21:28:53.181,1,stand,d4:da:21:98:07:d9,-29,11,0,0,0,0,0,0,0,0,0,-99,0,12,2,849084098,0,37,0,104,0,"[6, 19, 5, 16, 3, 12, 0, 10, -4, 6, -7, 4, -12, 3, -15, 3, -18, 4, -21, 4, -24, 6, -24, 7, -22, 7, -22, 8, -19, 7, -18, 5, -16, 4, -15, 1, -15, -2, -15, -6, -16, -8, -17, -11, -18, -12, -19, -14, -19, -14, -18, -13, -12, -9, -8, -8, -4, -6, 1, -6, 5, -7, 8, -8, 10, -10, 11, -11, 11, -13, 11, -15, 9, -16, 6, -15, 3, -13, 0, -12, -3, -8, -4, -5, -6, -2, -6, 2, -5, 5, -4, 7, -2, 8, 0, 9, 2, 8, 4, 7, 5, 5, 5, 3]"
CSI_DATA,69151,2023-11-13 21:28:53.199,1,stand,d4:da:21:98:07:d9,-29,11,0,0,0,0,0,0,0,0,0,-99,0,12,2,849096079,0,37,0,104,0,"[19, -7, 16, -6, 13, -4, 9, -1, 6, 3, 4, 6, 3, 10, 2, 13, 3, 17, 4, 20, 5, 23, 6, 23, 7, 21, 7, 21, 6, 18, 5, 18, 3, 15, 0, 14, -3, 13, -6, 14, -8, 14, -12, 15, -13, 16, -15, 18, -15, 18, -13, 16, -10, 11, -8, 7, -7, 2, -6, -2, -7, -6, -8, -10, -9, -12, -11, -13, -12, -13, -14, -13, -15, -11, -15, -8, -13, -5, -11, -2, -9, 1, -5, 3, -2, 5, 1, 5, 4, 5, 7, 4, 8, 2, 9, 0, 9, -2, 7, -4, 6, -5, 3, -6]"
CSI_DATA,69152,2023-11-13 21:28:53.212,1,stand,d4:da:21:98:07:d9,-29,11,0,0,0,0,0,0,0,0,0,-99,0,12,2,849104602,0,37,0,104,0,"[-2, 22, -2, 18, -2, 14, -3, 10, -6, 6, -8, 1, -12, -2, -15, -3, -19, -4, -22, -5, -25, -5, -26, -4, -24, -2, -24, -2, -21, -1, -21, -3, -17, -3, -15, -6, -13, -8, -12, -12, -11, -15, -11, -18, -12, -20, -12, -22, -12, -22, -12, -20, -8, -15, -5, -11, -1, -8, 3, -5, 7, -4, 11, -3, 14, -3, 16, -5, 17, -6, 18, -9, 16, -10, 13, -11, 9, -11, 6, -11, 2, -9, -2, -7, -5, -5, -7, -1, -8, 1, -8, 4, -7, 6, -5, 8, -4, 9, -1, 9, 1, 8, 3, 6]"
CSI_DATA,69153,2023-11-13 21:28:53.228,1,stand,d4:da:21:98:07:d9,-29,11,0,0,0,0,0,0,0,0,0,-99,0,12,2,849117080,0,37,0,104,0,"[-22, 9, -18, 7, -15, 5, -11, 1, -8, -3, -6, -7, -4, -12, -4, -16, -4, -20, -5, -23, -6, -26, -8, -26, -8, -24, -9, -24, -8, -21, -6, -21, -4, -18, -1, -17, 3, -16, 6, -16, 9, -16, 13, -17, 14, -19, 17, -20, 17, -20, 16, -19, 11, -13, 9, -8, 7, -3, 5, 2, 5, 7, 5, 11, 7, 14, 8, 15, 10, 16, 12, 16, 14, 14, 14, 11, 13, 7, 12, 4, 9, 0, 6, -3, 3, -6, 0, -7, -4, -8, -6, -7, -9, -6, -10, -4, -11, -2, -10, 0, -9, 2, -7, 4]"
CSI_DATA,69154,2023-11-13 21:28:53.230,1,stand,d4:da:21:98:07:d9,-29,11,0,0,0,0,0,0,0,0,0,-99,0,12,2,849124253,0,37,0,104,0,"[14, 15, 11, 13, 8, 10, 5, 8, 0, 7, -5, 6, -9, 7, -12, 7, -16, 9, -19, 10, -21, 12, -21, 13, -19, 13, -19, 14, -16, 12, -16, 10, -14, 8, -14, 5, -14, 2, -16, -1, -17, -4, -19, -6, -21, -8, -23, -10, -23, -10, -21, -9, -15, -6, -10, -6, -5, -5, 0, -6, 4, -7, 7, -9, 9, -11, 10, -13, 10, -15, 9, -17, 8, -17, 4, -16, 2, -14, -1, -12, -4, -9, -5, -5, -7, -2, -6, 2, -6, 5, -4, 7, -2, 8, 0, 9, 2, 8, 3, 7, 5, 5, 5, 3]"
CSI_DATA,69155,2023-11-13 21:28:53.244,1,stand,d4:da:21:98:07:d9,-29,11,0,0,0,0,0,0,0,0,0,-99,0,12,2,849136242,0,37,0,104,0,"[21, -1, 17, -1, 14, 1, 9, 2, 5, 5, 1, 7, -2, 11, -3, 14, -5, 18, -5, 20, -6, 23, -6, 24, -4, 22, -4, 22, -3, 19, -4, 18, -5, 15, -7, 12, -10, 10, -13, 9, -16, 8, -19, 7, -21, 7, -24, 7, -24, 7, -23, 7, -16, 4, -12, 2, -7, -1, -3, -5, -1, -8, 1, -12, 2, -15, 2, -17, 0, -19, -1, -20, -3, -20, -5, -17, -6, -14, -8, -11, -8, -7, -8, -2, -7, 1, -5, 5, -3, 7, -1, 8, 2, 9, 4, 8, 5, 7, 6, 5, 7, 3, 6, 0]"
CSI_DATA,69156,2023-11-13 21:28:53.244,1,stand,d4:da:21:98:07:d9,-29,11,0,0,0,0,0,0,0,0,0,-99,0,12,2,849144082,0,37,0,104,0,"[20, -9, 17, -7, 14, -5, 10, -2, 7, 3, 4, 7, 2, 11, 2, 15, 1, 19, 2, 22, 3, 25, 3, 25, 4, 23, 4, 23, 4, 20, 2, 19, 0, 16, -3, 14, -7, 13, -11, 12, -14, 12, -18, 12, -19, 13, -22, 14, -22, 14, -21, 13, -15, 9, -11, 5, -7, 1, -4, -4, -2, -8, -1, -12, -1, -16, -2, -18, -3, -20, -5, -20, -7, -20, -9, -17, -10, -13, -10, -10, -10, -5, -9, -1, -7, 3, -5, 6, -2, 8, 0, 9, 3, 9, 5, 8, 7, 6, 7, 4, 8, 2, 7, -1]"
CSI_DATA,69157,2023-11-13 21:28:53.261,1,stand,d4:da:21:98:07:d9,-30,11,0,0,0,0,0,0,0,0,0,-99,0,12,2,849156091,0,37,0,104,0,"[20, -1, 17, -1, 13, 1, 9, 2, 4, 5, 1, 7, -2, 10, -4, 13, -6, 17, -6, 19, -7, 21, -6, 22, -5, 21, -5, 21, -5, 18, -6, 16, -6, 13, -8, 11, -11, 8, -14, 6, -17, 5, -20, 4, -22, 4, -24, 3, -24, 3, -23, 3, -16, 2, -11, 0, -7, -2, -2, -4, 2, -7, 4, -10, 6, -13, 6, -15, 6, -17, 5, -19, 3, -19, 0, -17, -2, -15, -4, -13, -6, -9, -7, -5, -8, -1, -7, 2, -6, 5, -4, 7, -3, 8, -1, 9, 1, 9, 3, 7, 5, 5, 6, 3]"
CSI_DATA,69158,2023-11-13 21:28:53.276,1,stand,d4:da:21:98:07:d9,-30,11,0,0,0,0,0,0,0,0,0,-99,0,12,2,849164944,0,37,0,104,0,"[18, -10, 15, -8, 12, -5, 9, -2, 6, 2, 4, 6, 3, 10, 2, 13, 2, 17, 2, 19, 3, 22, 4, 22, 4, 20, 4, 20, 3, 18, 2, 16, 0, 14, -3, 13, -6, 12, -10, 11, -13, 11, -17, 12, -18, 12, -21, 13, -21, 13, -19, 12, -13, 8, -10, 5, -6, 1, -3, -3, -1, -7, 0, -11, 1, -14, 0, -17, -1, -19, -3, -19, -5, -19, -7, -17, -8, -13, -9, -10, -9, -6, -9, -2, -7, 2, -6, 5, -4, 7, -1, 8, 1, 9, 3, 8, 5, 7, 6, 5, 7, 3, 6, 1]"
CSI_DATA,69159,2023-11-13 21:28:53.276,1,stand,d4:da:21:98:07:d9,-30,11,0,0,0,0,0,0,0,0,0,-99,0,12,2,849176093,0,37,0,104,0,"[-11, -21, -9, -17, -6, -14, -2, -11, 2, -8, 6, -5, 11, -4, 14, -3, 18, -3, 21, -3, 24, -4, 24, -4, 22, -5, 22, -5, 19, -4, 18, -2, 16, 0, 14, 3, 13, 7, 12, 11, 12, 14, 12, 18, 13, 20, 13, 23, 13, 23, 12, 21, 8, 14, 4, 10, 0, 5, -4, 2, -8, -1, -12, -3, -16, -3, -19, -3, -21, -1, -22, 0, -22, 2, -19, 4, -15, 6, -12, 7, -7, 8, -3, 8, 1, 7, 5, 6, 8, 4, 9, 1, 10, -1, 10, -4, 9, -5, 7, -7, 5, -8, 2, -8]"
CSI_DATA,69160,2023-11-13 21:28:53.293,1,stand,d4:da:21:98:07:d9,-30,11,0,0,0,0,0,0,0,0,0,-99,0,12,2,849192098,0,37,0,104,0,"[22, 4, 18, 4, 14, 4, 9, 5, 3, 6, -1, 8, -5, 10, -8, 13, -10, 16, -11, 18, -13, 21, -13, 22, -11, 21, -11, 20, -10, 18, -11, 16, -11, 13, -12, 9, -15, 6, -18, 3, -20, 2, -23, -1, -26, -1, -28, -3, -28, -3, -26, -2, -17, -3, -12, -3, -6, -4, 0, -5, 5, -8, 8, -10, 11, -13, 12, -15, 12, -17, 11, -19, 9, -20, 5, -19, 2, -17, -1, -15, -4, -10, -7, -7, -8, -3, -9, 1, -9, 5, -7, 8, -5, 10, -3, 11, -1, 11, 1, 10, 3, 8, 5, 6]"
CSI_DATA,69161,2023-11-13 21:28:53.308,1,stand,d4:da:21:98:07:d9,-30,11,0,0,0,0,0,0,0,0,0,-99,0,12,2,849204084,0,37,0,104,0,"[9, -15, 7, -13, 7, -9, 6, -6, 5, -1, 6, 2, 6, 6, 8, 8, 9, 11, 11, 12, 12, 13, 12, 14, 12, 12, 12, 12, 11, 11, 9, 11, 7, 10, 4, 10, 1, 11, -1, 13, -3, 14, -6, 16, -6, 17, -8, 19, -8, 18, -7, 17, -6, 11, -5, 7, -4, 3, -4, -2, -5, -6, -6, -9, -7, -11, -9, -12, -10, -13, -12, -12, -12, -11, -12, -8, -12, -5, -11, -3, -8, 0, -6, 3, -3, 5, -1, 6, 2, 6, 4, 6, 6, 5, 7, 3, 8, 2, 7, 0, 6, -2, 5, -3]"
CSI_DATA,69162,2023-11-13 21:28:53.324,1,stand,d4:da:21:98:07:d9,-30,11,0,0,0,0,0,0,0,0,0,-99,0,12,2,849217940,0,37,0,104,0,"[21, -13, 18, -10, 14, -7, 11, -3, 8, 2, 6, 7, 5, 12, 5, 16, 5, 20, 6, 23, 7, 25, 8, 26, 9, 23, 9, 23, 8, 20, 5, 20, 3, 18, -1, 16, -5, 16, -9, 16, -12, 17, -16, 18, -18, 20, -21, 21, -22, 21, -19, 19, -14, 12, -10, 8, -7, 2, -4, -4, -3, -9, -3, -13, -4, -17, -6, -19, -7, -21, -10, -21, -11, -20, -13, -16, -13, -12, -13, -8, -12, -3, -10, 2, -7, 5, -4, 8, 0, 10, 3, 10, 6, 10, 8, 8, 9, 6, 9, 3, 9, 0, 7, -3]"
CSI_DATA,69163,2023-11-13 21:28:53.324,1,stand,d4:da:21:98:07:d9,-30,11,0,0,0,0,0,0,0,0,0,-99,0,12,2,849228119,0,37,0,104,0,"[8, 19, 6, 16, 3, 13, 0, 9, -4, 6, -8, 4, -12, 3, -15, 2, -18, 2, -21, 3, -24, 3, -24, 4, -22, 5, -21, 5, -19, 4, -18, 2, -16, 0, -14, -3, -13, -6, -13, -10, -14, -13, -14, -17, -15, -18, -16, -21, -16, -21, -15, -19, -10, -14, -6, -10, -2, -6, 2, -4, 7, -2, 10, -1, 14, -1, 16, -2, 18, -3, 18, -5, 17, -7, 14, -9, 10, -9, 7, -10, 3, -9, -1, -8, -5, -7, -7, -5, -9, -2, -10, 1, -10, 3, -9, 5, -7, 6, -5, 7, -3, 7, 0, 6]"
CSI_DATA,69164,2023-11-13 21:28:53.355,1,stand,d4:da:21:98:07:d9,-29,11,0,0,0,0,0,0,0,0,0,-99,0,12,2,849249867,0,37,0,104,0,"[-9, -23, -7, -19, -4, -15, -1, -12, 4, -8, 9, -6, 14, -5, 17, -5, 22, -6, 24, -6, 28, -8, 28, -9, 25, -10, 24, -10, 21, -9, 20, -7, 17, -5, 16, -1, 15, 4, 16, 8, 16, 12, 19, 16, 20, 18, 22, 21, 22, 22, 22, 20, 15, 14, 11, 11, 5, 7, -1, 5, -7, 5, -11, 4, -15, 6, -18, 7, -19, 10, -19, 12, -18, 14, -14, 14, -13, 11, -7, 13, -1, 10, 3, 8, 6, 5, 8, 1, 8, -3, 8, -6, 7, -8, 5, -10, 3, -10, 0, -10, -3, -9, -5, -7]"
CSI_DATA,69165,2023-11-13 21:28:53.371,1,stand,d4:da:21:98:07:d9,-29,11,0,0,0,0,0,0,0,0,0,-99,0,12,2,849260097,0,37,0,104,0,"[-20, -8, -16, -7, -12, -7, -7, -7, -2, -8, 2, -10, 6, -13, 8, -15, 10, -18, 10, -22, 11, -24, 10, -25, 8, -24, 7, -23, 6, -20, 7, -18, 7, -15, 8, -12, 11, -8, 14, -6, 18, -5, 22, -3, 24, -4, 28, -3, 28, -3, 26, -4, 19, -3, 15, -1, 9, 0, 4, 3, 1, 6, -2, 10, -4, 13, -4, 15, -4, 18, -3, 19, -1, 19, 2, 17, 4, 14, 5, 11, 6, 7, 6, 3, 6, -1, 4, -5, 3, -7, 0, -9, -2, -9, -4, -9, -6, -8, -7, -6, -8, -3, -7, -1]"
CSI_DATA,69166,2023-11-13 21:28:53.386,1,stand,d4:da:21:98:07:d9,-28,11,0,0,0,0,0,0,0,0,0,-99,0,12,2,849276082,0,37,0,104,0,"[-2, -19, -1, -15, 0, -11, 2, -8, 5, -4, 8, -2, 12, 0, 15, 2, 18, 1, 20, 0, 23, -1, 23, -2, 21, -4, 21, -4, 18, -4, 17, -3, 14, -1, 12, 1, 11, 5, 10, 9, 10, 12, 11, 16, 12, 18, 14, 21, 14, 21, 14, 20, 11, 15, 8, 12, 4, 9, 0, 6, -4, 5, -8, 4, -12, 4, -14, 5, -15, 6, -16, 8, -15, 9, -12, 10, -9, 9, -7, 9, -3, 7, 0, 5, 2, 3, 4, 0, 5, -2, 5, -5, 4, -7, 3, -8, 1, -8, -1, -8, -3, -7, -4, -5]"
CSI_DATA,69167,2023-11-13 21:28:53.386,1,stand,d4:da:21:98:07:d9,-28,11,0,0,0,0,0,0,0,0,0,-99,0,12,2,849284344,0,37,0,104,0,"[0, 18, -1, 14, -2, 11, -4, 7, -6, 3, -10, 0, -13, -1, -16, -2, -19, -2, -22, -1, -25, 0, -25, 1, -23, 3, -23, 4, -19, 4, -18, 3, -15, 1, -13, -2, -12, -5, -12, -9, -12, -12, -14, -16, -15, -18, -17, -21, -17, -21, -17, -20, -14, -15, -11, -12, -6, -9, -2, -7, 2, -7, 7, -6, 10, -7, 12, -8, 13, -10, 13, -12, 13, -13, 10, -13, 7, -12, 4, -11, 1, -9, -2, -6, -3, -3, -5, 0, -4, 3, -4, 5, -3, 6, -1, 7, 1, 7, 2, 7, 4, 5, 5, 3]"
CSI_DATA,69168,2023-11-13 21:28:53.402,1,stand,d4:da:21:98:07:d9,-28,11,0,0,0,0,0,0,0,0,0,-99,0,12,2,849296084,0,37,0,104,0,"[-16, 8, -14, 6, -10, 4, -8, 0, -6, -4, -6, -8, -6, -12, -7, -15, -8, -18, -10, -20, -13, -22, -15, -21, -15, -18, -16, -18, -14, -15, -12, -15, -9, -13, -5, -12, -2, -13, 2, -15, 4, -17, 7, -20, 8, -22, 9, -25, 9, -26, 8, -25, 6, -20, 6, -15, 5, -10, 5, -5, 7, -1, 8, 3, 11, 5, 13, 6, 15, 7, 16, 6, 17, 5, 16, 2, 13, 0, 12, -1, 7, -3, 4, -4, 0, -4, -3, -3, -5, -2, -7, 0, -8, 2, -8, 3, -7, 5, -5, 6, -3, 6, -1, 6]"
CSI_DATA,69169,2023-11-13 21:28:53.417,1,stand,d4:da:21:98:07:d9,-28,11,0,0,0,0,0,0,0,0,0,-99,0,12,2,849309054,0,37,0,104,0,"[16, -8, 12, -6, 10, -4, 7, -1, 5, 3, 4, 7, 4, 11, 5, 14, 7, 17, 9, 19, 11, 21, 12, 20, 13, 17, 14, 17, 12, 14, 10, 13, 7, 12, 4, 11, 0, 12, -3, 14, -6, 16, -9, 18, -9, 21, -11, 24, -11, 24, -9, 24, -7, 18, -7, 14, -6, 9, -7, 4, -8, 0, -10, -4, -12, -6, -14, -7, -16, -8, -17, -7, -18, -6, -16, -3, -14, -1, -12, 0, -8, 2, -5, 2, -1, 2, 2, 2, 4, 0, 6, -1, 6, -3, 6, -5, 5, -6, 4, -7, 2, -7, 0, -7]"
CSI_DATA,69170,2023-11-13 21:28:53.433,1,stand,d4:da:21:98:07:d9,-28,11,0,0,0,0,0,0,0,0,0,-99,0,12,2,849328085,0,37,0,104,0,"[17, 12, 13, 9, 9, 8, 4, 7, -1, 8, -6, 9, -10, 11, -12, 14, -14, 17, -14, 21, -15, 24, -13, 25, -10, 24, -9, 24, -7, 21, -8, 19, -8, 15, -10, 12, -13, 8, -17, 7, -20, 6, -24, 4, -27, 6, -31, 6, -31, 6, -29, 7, -22, 5, -18, 3, -13, 0, -9, -4, -6, -8, -4, -12, -3, -16, -4, -19, -5, -21, -6, -21, -8, -21, -9, -17, -9, -14, -9, -11, -8, -6, -6, -2, -4, 1, 0, 3, 3, 5, 6, 5, 7, 4, 9, 3, 10, 1, 9, -1, 8, -3, 6, -5]"
CSI_DATA,69171,2023-11-13 21:28:53.449,1,stand,d4:da:21:98:07:d9,-28,11,0,0,0,0,0,0,0,0,0,-99,0,12,2,849344086,0,37,0,104,0,"[-17, 7, -14, 5, -11, 3, -8, 0, -6, -4, -5, -8, -6, -12, -7, -15, -8, -18, -10, -19, -12, -21, -14, -21, -14, -18, -15, -17, -13, -14, -11, -14, -8, -13, -5, -12, -2, -13, 1, -15, 3, -17, 6, -20, 6, -23, 8, -25, 8, -26, 6, -25, 5, -19, 4, -15, 5, -9, 6, -4, 8, -1, 10, 3, 12, 5, 14, 5, 16, 5, 17, 4, 17, 3, 15, 1, 13, -2, 10, -3, 6, -4, 3, -4, -1, -3, -4, -2, -6, 0, -7, 2, -8, 4, -7, 5, -6, 6, -4, 7, -2, 7, 0, 6]"
CSI_DATA,69172,2023-11-13 21:28:53.464,1,stand,d4:da:21:98:07:d9,-28,11,0,0,0,0,0,0,0,0,0,-99,0,12,2,849356084,0,37,0,104,0,"[-22, 6, -18, 4, -14, 2, -10, -1, -8, -6, -6, -11, -6, -15, -6, -19, -8, -22, -10, -25, -12, -27, -14, -27, -15, -23, -16, -22, -14, -19, -12, -18, -9, -16, -5, -16, -1, -16, 3, -19, 6, -21, 9, -25, 10, -27, 13, -31, 12, -31, 10, -30, 7, -22, 7, -17, 7, -10, 8, -4, 10, 0, 12, 4, 15, 7, 17, 8, 20, 7, 21, 6, 21, 5, 19, 2, 15, -1, 12, -3, 7, -4, 3, -5, -1, -5, -5, -3, -8, -1, -9, 2, -10, 4, -9, 6, -8, 8, -6, 9, -3, 8, 0, 8]"
CSI_DATA,69173,2023-11-13 21:28:53.464,1,stand,d4:da:21:98:07:d9,-29,11,0,0,0,0,0,0,0,0,0,-99,0,12,2,849364091,0,37,0,104,0,"[2, 18, 2, 14, 0, 11, -2, 8, -6, 5, -9, 3, -13, 2, -16, 2, -19, 2, -21, 4, -23, 5, -23, 7, -21, 8, -20, 8, -17, 7, -16, 5, -14, 3, -13, 0, -13, -4, -14, -7, -15, -10, -17, -13, -19, -14, -22, -17, -22, -17, -21, -15, -16, -11, -12, -10, -7, -8, -1, -8, 3, -8, 7, -9, 9, -10, 11, -12, 11, -14, 10, -15, 9, -15, 6, -15, 3, -13, 1, -11, -1, -8, -3, -4, -4, -1, -4, 2, -3, 5, -2, 7, 0, 8, 2, 8, 3, 8, 4, 6, 5, 4, 5, 2]"
CSI_DATA,69174,2023-11-13 21:28:53.480,1,stand,d4:da:21:98:07:d9,-29,11,0,0,0,0,0,0,0,0,0,-99,0,12,2,849376552,0,37,0,104,0,"[0, 18, 0, 14, -2, 11, -3, 8, -6, 4, -9, 2, -13, 0, -16, 0, -18, 0, -21, 1, -23, 2, -23, 4, -21, 5, -21, 5, -18, 5, -17, 3, -15, 1, -13, -2, -13, -5, -13, -9, -14, -12, -15, -15, -17, -16, -19, -19, -19, -19, -19, -17, -14, -13, -10, -11, -5, -8, -1, -7, 4, -7, 8, -8, 11, -8, 12, -10, 12, -12, 12, -13, 10, -14, 7, -13, 4, -12, 2, -11, -1, -8, -3, -5, -4, -1, -5, 2, -4, 5, -3, 7, -1, 8, 0, 8, 2, 8, 4, 7, 5, 5, 5, 2]"
CSI_DATA,69175,2023-11-13 21:28:53.496,1,stand,d4:da:21:98:07:d9,-29,11,0,0,0,0,0,0,0,0,0,-99,0,12,2,849386907,0,37,0,104,0,"[-17, 13, -14, 10, -12, 6, -10, 3, -9, -2, -9, -7, -10, -11, -12, -13, -14, -16, -17, -18, -19, -19, -21, -18, -20, -15, -20, -14, -18, -12, -15, -13, -12, -12, -8, -13, -5, -15, -2, -18, 0, -21, 2, -24, 2, -27, 2, -30, 2, -30, 1, -29, 0, -21, 1, -16, 3, -11, 5, -5, 8, -1, 11, 2, 14, 3, 16, 3, 19, 3, 19, 1, 19, -1, 16, -3, 13, -5, 10, -6, 5, -6, 1, -6, -3, -5, -6, -3, -8, 0, -9, 2, -9, 5, -8, 6, -6, 8, -4, 8, -1, 8, 1, 6]"
CSI_DATA,69176,2023-11-13 21:28:53.496,1,stand,d4:da:21:98:07:d9,-29,11,0,0,0,0,0,0,0,0,0,-99,0,12,2,849396087,0,37,0,104,0,"[9, -22, 7, -18, 7, -14, 7, -9, 9, -3, 11, 1, 14, 5, 17, 6, 21, 8, 24, 9, 27, 9, 28, 7, 26, 5, 26, 4, 23, 3, 20, 5, 16, 6, 13, 9, 11, 12, 9, 16, 8, 20, 8, 25, 9, 27, 10, 31, 10, 32, 11, 29, 8, 21, 5, 16, 1, 11, -4, 6, -9, 3, -13, 2, -17, 1, -20, 2, -22, 4, -22, 6, -21, 7, -17, 9, -13, 9, -9, 10, -4, 8, 0, 6, 4, 4, 6, 0, 7, -3, 7, -6, 6, -9, 5, -10, 3, -11, 0, -10, -3, -10, -5, -7]"
CSI_DATA,69177,2023-11-13 21:28:53.512,1,stand,d4:da:21:98:07:d9,-29,11,0,0,0,0,0,0,0,0,0,-99,0,12,2,849408091,0,37,0,104,0,"[12, -20, 10, -16, 9, -13, 9, -7, 9, -2, 10, 3, 13, 7, 16, 9, 20, 11, 23, 12, 25, 13, 27, 12, 25, 9, 25, 8, 21, 6, 19, 7, 15, 8, 12, 10, 9, 13, 7, 18, 6, 21, 5, 26, 6, 29, 6, 33, 6, 32, 7, 30, 5, 22, 3, 16, 0, 10, -5, 5, -9, 2, -13, 0, -17, -1, -20, 0, -22, 2, -22, 4, -22, 5, -18, 7, -14, 8, -10, 9, -5, 8, 0, 7, 3, 4, 6, 1, 7, -2, 8, -5, 7, -8, 5, -10, 3, -11, 1, -10, -2, -10, -4, -8]"
CSI_DATA,69178,2023-11-13 21:28:53.527,1,stand,d4:da:21:98:07:d9,-29,11,0,0,0,0,0,0,0,0,0,-99,0,12,2,849424087,0,37,0,104,0,"[18, 9, 15, 8, 10, 7, 6, 7, 1, 8, -3, 9, -7, 12, -8, 15, -11, 18, -11, 20, -12, 23, -11, 24, -8, 23, -8, 22, -7, 19, -8, 17, -8, 13, -10, 10, -13, 7, -17, 5, -20, 4, -25, 3, -27, 4, -31, 4, -31, 4, -28, 5, -21, 4, -16, 2, -10, -1, -5, -4, -2, -8, 1, -12, 2, -15, 1, -18, 0, -20, -1, -21, -3, -20, -5, -17, -7, -14, -8, -11, -8, -6, -7, -2, -6, 2, -3, 5, -1, 7, 2, 7, 4, 7, 6, 6, 7, 5, 8, 2, 8, 0, 6, -2]"
CSI_DATA,69179,2023-11-13 21:28:53.543,1,stand,d4:da:21:98:07:d9,-29,11,0,0,0,0,0,0,0,0,0,-99,0,12,2,849436089,0,37,0,104,0,"[16, 15, 13, 12, 9, 10, 4, 9, -2, 9, -6, 9, -11, 11, -14, 15, -17, 16, -18, 18, -20, 21, -19, 22, -16, 21, -16, 21, -13, 18, -13, 16, -13, 12, -14, 8, -16, 4, -20, 1, -23, -1, -27, -4, -30, -4, -33, -6, -34, -6, -32, -4, -23, -2, -17, -2, -11, -4, -4, -6, 1, -9, 4, -12, 6, -15, 7, -18, 6, -20, 5, -22, 4, -22, 0, -20, -3, -17, -5, -14, -6, -9, -7, -5, -7, 0, -5, 4, -3, 7, -1, 8, 2, 9, 4, 9, 6, 7, 7, 5, 8, 3, 8, 0]"
CSI_DATA,69180,2023-11-13 21:28:53.558,1,stand,d4:da:21:98:07:d9,-29,11,0,0,0,0,0,0,0,0,0,-99,0,12,2,849448107,0,37,0,104,0,"[-6, 17, -6, 13, -6, 10, -6, 6, -8, 1, -10, -3, -12, -5, -15, -7, -18, -8, -20, -9, -23, -9, -23, -8, -22, -6, -22, -6, -19, -5, -16, -6, -13, -7, -10, -9, -8, -12, -6, -15, -5, -18, -4, -22, -5, -24, -5, -27, -5, -28, -6, -26, -4, -19, -3, -14, -1, -9, 2, -5, 6, -1, 10, 1, 12, 2, 15, 2, 17, 1, 18, 0, 18, -2, 16, -4, 13, -5, 10, -7, 6, -7, 2, -7, -2, -6, -4, -4, -6, -2, -7, 0, -8, 2, -7, 5, -6, 6, -4, 7, -2, 7, 0, 6]"
CSI_DATA,69181,2023-11-13 21:28:53.574,1,stand,d4:da:21:98:07:d9,-28,11,0,0,0,0,0,0,0,0,0,-99,0,12,2,849464734,0,37,0,104,0,"[-18, 5, -15, 3, -11, 1, -9, -2, -6, -6, -4, -9, -3, -13, -4, -16, -4, -19, -5, -21, -6, -23, -7, -23, -7, -21, -8, -21, -7, -18, -5, -17, -2, -15, 1, -13, 5, -12, 9, -13, 12, -13, 16, -15, 18, -16, 21, -17, 21, -18, 19, -18, 13, -13, 10, -9, 7, -5, 4, 0, 3, 5, 3, 9, 3, 12, 4, 14, 6, 16, 7, 16, 9, 16, 9, 13, 10, 9, 10, 6, 8, 3, 7, -1, 4, -3, 2, -5, -1, -6, -4, -6, -6, -6, -7, -5, -8, -3, -8, -1, -8, 1, -7, 2]"
CSI_DATA,69182,2023-11-13 21:28:53.574,1,stand,d4:da:21:98:07:d9,-29,11,0,0,0,0,0,0,0,0,0,-99,0,12,2,849476091,0,37,0,104,0,"[-18, -4, -15, -4, -11, -5, -7, -6, -2, -7, 1, -10, 4, -13, 4, -15, 6, -18, 6, -20, 6, -23, 5, -23, 3, -22, 3, -21, 3, -19, 4, -16, 5, -13, 7, -10, 10, -8, 14, -6, 17, -5, 21, -5, 22, -5, 26, -5, 26, -5, 24, -6, 17, -5, 13, -3, 8, -1, 3, 2, 0, 6, -2, 9, -4, 12, -4, 15, -3, 17, -2, 18, 0, 18, 2, 16, 4, 13, 5, 11, 6, 7, 6, 3, 5, 0, 4, -4, 2, -6, 0, -7, -3, -8, -5, -8, -6, -6, -7, -5, -8, -3, -8, -1]"
CSI_DATA,69183,2023-11-13 21:28:53.590,1,stand,d4:da:21:98:07:d9,-28,11,0,0,0,0,0,0,0,0,0,-99,0,12,2,849484097,0,37,0,104,0,"[-4, 18, -4, 14, -4, 10, -5, 6, -7, 2, -10, -2, -13, -5, -15, -6, -18, -7, -21, -7, -23, -7, -24, -6, -22, -5, -22, -4, -19, -4, -17, -5, -13, -6, -10, -8, -8, -11, -6, -15, -5, -18, -4, -22, -4, -24, -4, -27, -5, -27, -5, -26, -4, -19, -2, -14, -1, -9, 2, -5, 6, -1, 9, 2, 12, 4, 14, 4, 17, 3, 18, 2, 18, 0, 16, -2, 14, -4, 11, -5, 7, -7, 4, -7, 0, -7, -3, -5, -6, -4, -7, -1, -8, 1, -8, 3, -7, 4, -6, 6, -4, 7, -2, 7]"
CSI_DATA,69184,2023-11-13 21:28:53.605,1,stand,d4:da:21:98:07:d9,-28,11,0,0,0,0,0,0,0,0,0,-99,0,12,2,849496091,0,37,0,104,0,"[4, 18, 3, 15, 0, 11, -3, 8, -6, 4, -10, 2, -14, 1, -17, 1, -21, 1, -23, 1, -26, 2, -26, 3, -24, 4, -23, 5, -20, 4, -18, 2, -16, 0, -14, -4, -12, -8, -12, -12, -12, -15, -13, -20, -14, -22, -15, -26, -15, -26, -15, -24, -11, -17, -8, -13, -4, -9, 1, -6, 5, -3, 10, -2, 13, -2, 16, -3, 18, -4, 19, -5, 19, -7, 16, -9, 12, -9, 9, -10, 5, -10, 1, -9, -2, -7, -5, -4, -7, -2, -7, 1, -8, 3, -7, 6, -5, 7, -3, 8, -1, 8, 1, 7]"
CSI_DATA,69185,2023-11-13 21:28:53.605,1,stand,d4:da:21:98:07:d9,-28,11,0,0,0,0,0,0,0,0,0,-99,0,12,2,849504095,0,37,0,104,0,"[15, -10, 12, -8, 9, -5, 7, -1, 6, 3, 5, 7, 5, 11, 6, 14, 7, 17, 8, 19, 10, 20, 11, 20, 11, 18, 11, 17, 10, 15, 8, 14, 5, 12, 1, 12, -2, 12, -6, 13, -9, 14, -12, 17, -14, 18, -16, 20, -16, 21, -15, 20, -11, 15, -8, 10, -6, 5, -5, 0, -5, -4, -6, -8, -7, -11, -9, -13, -11, -15, -12, -15, -13, -13, -14, -11, -13, -7, -12, -5, -10, -1, -8, 1, -5, 3, -2, 5, 1, 5, 4, 4, 5, 3, 7, 2, 7, 0, 7, -2, 6, -4, 5, -5]"
CSI_DATA,69186,2023-11-13 21:28:53.621,1,stand,d4:da:21:98:07:d9,-28,11,0,0,0,0,0,0,0,0,0,-99,0,12,2,849516091,0,37,0,104,0,"[17, -14, 14, -11, 12, -7, 9, -2, 7, 3, 7, 8, 7, 13, 8, 17, 10, 20, 12, 23, 15, 24, 16, 24, 16, 21, 16, 20, 14, 17, 11, 17, 7, 15, 3, 15, -2, 15, -7, 17, -10, 18, -14, 21, -16, 24, -18, 26, -18, 27, -16, 26, -12, 18, -10, 13, -8, 7, -7, 1, -7, -5, -7, -10, -9, -14, -11, -16, -13, -17, -16, -17, -17, -16, -17, -12, -16, -8, -15, -5, -12, -1, -9, 2, -6, 4, -2, 6, 1, 6, 5, 6, 7, 4, 8, 3, 9, 0, 9, -2, 8, -5, 6, -6]"
CSI_DATA,69187,2023-11-13 21:28:53.621,1,stand,d4:da:21:98:07:d9,-28,11,0,0,0,0,0,0,0,0,0,-99,0,12,2,849524093,0,37,0,104,0,"[-17, -8, -14, -7, -10, -7, -5, -7, -1, -8, 3, -9, 7, -11, 8, -13, 11, -16, 12, -18, 12, -20, 11, -21, 9, -20, 9, -20, 7, -17, 8, -15, 8, -12, 9, -9, 11, -5, 14, -3, 17, -1, 20, 1, 23, 2, 25, 3, 26, 3, 24, 2, 18, 1, 13, 2, 8, 2, 3, 4, -1, 6, -5, 8, -7, 11, -8, 13, -8, 15, -7, 17, -6, 17, -3, 16, 0, 14, 1, 12, 3, 9, 4, 5, 5, 2, 5, -2, 4, -4, 2, -7, 0, -8, -2, -8, -4, -8, -5, -7, -6, -5, -7, -3]"
CSI_DATA,69188,2023-11-13 21:28:53.636,1,stand,d4:da:21:98:07:d9,-28,11,0,0,0,0,0,0,0,0,0,-99,0,12,2,849536126,0,37,0,104,0,"[16, -9, 13, -7, 10, -4, 8, -1, 5, 3, 4, 8, 4, 12, 5, 14, 6, 18, 7, 19, 9, 21, 10, 21, 11, 19, 11, 18, 9, 15, 7, 15, 5, 13, 1, 12, -2, 12, -6, 13, -9, 15, -12, 17, -13, 18, -16, 21, -16, 21, -14, 20, -10, 15, -9, 10, -7, 6, -6, 0, -6, -4, -7, -8, -8, -11, -10, -13, -12, -14, -14, -13, -15, -12, -14, -9, -14, -6, -13, -3, -10, 0, -7, 2, -4, 4, -1, 5, 2, 5, 4, 4, 6, 2, 7, 1, 7, -1, 7, -3, 5, -5, 4, -6]"
CSI_DATA,69189,2023-11-13 21:28:53.652,1,stand,d4:da:21:98:07:d9,-28,11,0,0,0,0,0,0,0,0,0,-99,0,12,2,849544104,0,37,0,104,0,"[-15, 17, -13, 13, -11, 8, -10, 4, -9, -2, -9, -7, -11, -12, -13, -15, -16, -18, -18, -20, -21, -22, -22, -21, -21, -18, -21, -17, -18, -15, -16, -15, -12, -14, -8, -14, -4, -16, 0, -19, 3, -21, 6, -25, 7, -28, 9, -31, 9, -31, 8, -30, 6, -22, 5, -17, 5, -10, 6, -4, 8, 2, 10, 6, 13, 9, 15, 10, 18, 11, 20, 10, 20, 8, 19, 5, 17, 1, 14, -1, 10, -4, 6, -6, 2, -7, -2, -7, -5, -6, -8, -4, -9, -2, -10, 1, -10, 3, -8, 5, -6, 7, -4, 7]"
CSI_DATA,69190,2023-11-13 21:28:53.668,1,stand,d4:da:21:98:07:d9,-28,11,0,0,0,0,0,0,0,0,0,-99,0,12,2,849557059,0,37,0,104,0,"[-11, -16, -8, -13, -6, -11, -2, -9, 3, -7, 7, -7, 11, -7, 13, -8, 16, -10, 19, -11, 20, -13, 20, -14, 17, -14, 17, -14, 14, -12, 13, -11, 12, -7, 12, -4, 12, 0, 14, 3, 15, 6, 18, 9, 20, 10, 23, 13, 23, 12, 22, 11, 16, 8, 12, 6, 7, 5, 1, 5, -3, 6, -7, 7, -10, 8, -11, 10, -12, 12, -12, 14, -10, 15, -8, 14, -4, 13, -2, 12, 1, 9, 3, 6, 4, 3, 5, -1, 4, -4, 3, -6, 2, -8, 0, -8, -2, -8, -4, -7, -6, -6, -6, -4]"
CSI_DATA,69191,2023-11-13 21:28:53.668,1,stand,d4:da:21:98:07:d9,-28,11,0,0,0,0,0,0,0,0,0,-99,0,12,2,849564096,0,37,0,104,0,"[16, -11, 13, -8, 11, -5, 8, -2, 7, 3, 6, 8, 6, 11, 7, 15, 8, 18, 11, 20, 12, 22, 14, 21, 14, 18, 14, 18, 12, 15, 10, 15, 7, 13, 3, 13, -1, 13, -5, 15, -7, 17, -11, 19, -12, 22, -14, 24, -14, 25, -12, 24, -9, 17, -8, 13, -6, 7, -6, 2, -7, -3, -9, -7, -11, -10, -12, -11, -15, -12, -16, -12, -17, -10, -17, -7, -15, -4, -14, -1, -10, 1, -7, 3, -3, 4, 0, 5, 3, 4, 6, 3, 7, 1, 8, -1, 8, -3, 7, -5, 5, -6, 3, -7]"
CSI_DATA,69192,2023-11-13 21:28:53.683,1,stand,d4:da:21:98:07:d9,-28,11,0,0,0,0,0,0,0,0,0,-99,0,12,2,849576101,0,37,0,104,0,"[18, -3, 15, -2, 11, 0, 8, 2, 4, 5, 2, 9, 0, 13, 0, 16, 0, 19, 1, 21, 2, 24, 4, 24, 5, 22, 5, 21, 5, 18, 3, 17, 1, 15, -2, 12, -6, 12, -10, 12, -13, 12, -17, 13, -18, 15, -22, 17, -21, 17, -20, 17, -14, 12, -11, 8, -9, 4, -6, -1, -6, -5, -5, -10, -6, -13, -7, -15, -9, -16, -10, -16, -12, -15, -12, -12, -12, -9, -12, -6, -10, -2, -8, 1, -5, 3, -2, 4, 1, 5, 4, 5, 6, 4, 7, 2, 7, 0, 7, -2, 6, -4, 5, -5]"
CSI_DATA,69193,2023-11-13 21:28:53.683,1,stand,d4:da:21:98:07:d9,-28,11,0,0,0,0,0,0,0,0,0,-99,0,12,2,849584097,0,37,0,104,0,"[-18, -13, -15, -11, -10, -9, -6, -9, 0, -9, 5, -10, 9, -12, 11, -15, 14, -17, 15, -20, 16, -23, 15, -24, 12, -23, 12, -23, 10, -20, 10, -17, 10, -14, 11, -10, 14, -6, 17, -4, 20, -2, 24, 0, 26, 0, 30, 2, 30, 1, 29, 0, 21, 0, 16, 1, 10, 2, 4, 4, 0, 8, -3, 11, -5, 14, -6, 17, -5, 19, -4, 20, -2, 20, 0, 18, 3, 15, 5, 13, 5, 8, 6, 4, 5, 0, 4, -4, 2, -7, 0, -8, -3, -9, -5, -9, -7, -7, -8, -5, -9, -3, -8, -1]"
CSI_DATA,69194,2023-11-13 21:28:53.699,1,stand,d4:da:21:98:07:d9,-28,11,0,0,0,0,0,0,0,0,0,-99,0,12,2,849600268,0,37,0,104,0,"[-2, -19, -2, -16, 0, -12, 2, -9, 5, -5, 9, -3, 13, -1, 15, -1, 19, -1, 21, -2, 24, -3, 24, -4, 22, -5, 21, -6, 18, -5, 17, -3, 15, -1, 13, 2, 12, 5, 12, 9, 13, 12, 13, 16, 15, 18, 16, 20, 17, 21, 17, 19, 12, 14, 8, 11, 4, 8, -1, 6, -6, 5, -10, 4, -13, 5, -15, 6, -16, 8, -16, 10, -15, 11, -12, 12, -9, 11, -6, 10, -2, 8, 1, 6, 3, 3, 5, 0, 5, -3, 4, -6, 3, -7, 2, -8, 0, -9, -2, -8, -4, -7, -5, -5]"
CSI_DATA,69195,2023-11-13 21:28:53.714,1,stand,d4:da:21:98:07:d9,-28,11,0,0,0,0,0,0,0,0,0,-99,0,12,2,849616136,0,37,0,104,0,"[-14, -13, -12, -12, -8, -10, -4, -8, 1, -8, 5, -8, 9, -10, 11, -11, 14, -13, 15, -16, 16, -18, 15, -20, 12, -19, 12, -19, 10, -16, 11, -14, 11, -11, 11, -8, 13, -4, 15, -1, 18, 1, 21, 3, 23, 2, 26, 3, 27, 3, 25, 2, 18, 2, 13, 2, 8, 3, 3, 5, -1, 7, -4, 10, -6, 12, -7, 15, -6, 17, -5, 18, -3, 18, -1, 16, 1, 13, 3, 11, 4, 7, 4, 3, 4, -1, 3, -4, 2, -6, -1, -8, -3, -8, -4, -8, -6, -7, -7, -5, -8, -3, -7, -1]"
CSI_DATA,69196,2023-11-13 21:28:53.730,1,stand,d4:da:21:98:07:d9,-28,11,0,0,0,0,0,0,0,0,0,-99,0,12,2,849624090,0,37,0,104,0,"[2, -18, 2, -15, 2, -12, 4, -8, 6, -4, 9, -1, 12, 1, 15, 2, 18, 3, 20, 2, 23, 1, 23, 0, 21, -2, 21, -2, 18, -2, 17, 0, 14, 1, 12, 4, 11, 7, 10, 11, 10, 14, 11, 17, 12, 19, 14, 22, 14, 21, 14, 20, 10, 14, 6, 11, 2, 8, -2, 5, -6, 4, -10, 4, -13, 4, -15, 5, -17, 7, -16, 8, -15, 10, -12, 10, -9, 10, -6, 9, -3, 7, 0, 5, 3, 3, 4, 0, 5, -3, 4, -5, 3, -7, 2, -8, 0, -8, -2, -8, -4, -7, -5, -5]"
CSI_DATA,69197,2023-11-13 21:28:53.746,1,stand,d4:da:21:98:07:d9,-28,11,0,0,0,0,0,0,0,0,0,-99,0,12,2,849636091,0,37,0,104,0,"[1, -19, 1, -15, 2, -12, 4, -8, 6, -4, 9, -1, 12, 1, 14, 2, 18, 2, 20, 1, 23, 1, 23, 0, 21, -2, 21, -3, 18, -2, 16, -1, 14, 1, 12, 3, 11, 7, 10, 10, 11, 13, 11, 17, 13, 18, 14, 21, 15, 21, 14, 19, 10, 14, 7, 11, 3, 8, -2, 5, -6, 5, -10, 4, -13, 5, -15, 6, -16, 8, -16, 9, -15, 11, -12, 11, -8, 10, -6, 9, -2, 7, 1, 5, 3, 2, 4, -1, 4, -4, 4, -6, 3, -8, 1, -9, -1, -9, -3, -8, -4, -7, -5, -5]"
CSI_DATA,69198,2023-11-13 21:28:53.746,1,stand,d4:da:21:98:07:d9,-28,11,0,0,0,0,0,0,0,0,0,-99,0,12,2,849644092,0,37,0,104,0,"[-18, 6, -14, 5, -12, 2, -9, 0, -7, -4, -5, -8, -5, -12, -5, -14, -7, -18, -8, -20, -10, -22, -11, -21, -11, -19, -12, -19, -11, -16, -8, -16, -6, -14, -3, -14, 0, -14, 4, -15, 6, -17, 9, -19, 10, -21, 11, -23, 11, -23, 10, -22, 7, -16, 6, -12, 5, -7, 6, -2, 7, 2, 8, 6, 10, 8, 12, 9, 14, 9, 15, 8, 16, 7, 15, 4, 12, 1, 10, -1, 7, -3, 3, -4, 0, -5, -3, -4, -6, -3, -7, -1, -8, 0, -8, 2, -8, 4, -6, 5, -4, 6, -2, 6]"
CSI_DATA,69199,2023-11-13 21:28:53.777,1,stand,d4:da:21:98:07:d9,-29,11,0,0,0,0,0,0,0,0,0,-99,0,12,2,849668110,0,37,0,104,0,"[-17, -15, -13, -12, -10, -11, -5, -9, 0, -9, 5, -9, 9, -11, 11, -13, 14, -16, 16, -19, 17, -21, 16, -23, 13, -22, 12, -22, 10, -19, 11, -17, 10, -14, 12, -10, 14, -7, 17, -4, 20, -3, 23, -1, 26, -2, 29, -1, 29, -2, 27, -3, 20, -2, 15, 0, 9, 2, 4, 5, 1, 9, -1, 12, -3, 16, -3, 18, -1, 20, 0, 20, 2, 20, 4, 17, 5, 13, 6, 10, 6, 5, 5, 1, 3, -3, 1, -6, -2, -7, -4, -8, -7, -8, -8, -7, -9, -5, -9, -3, -9, 0, -7, 2]"
CSI_DATA,69200,2023-11-13 21:28:53.792,1,stand,d4:da:21:98:07:d9,-29,11,0,0,0,0,0,0,0,0,0,-99,0,12,2,849684100,0,37,0,104,0,"[13, -19, 11, -16, 9, -11, 8, -6, 8, -1, 9, 4, 12, 9, 14, 11, 17, 14, 21, 14, 24, 15, 25, 14, 24, 11, 24, 10, 21, 8, 19, 9, 15, 9, 12, 10, 8, 13, 6, 17, 5, 20, 4, 25, 5, 27, 5, 30, 6, 31, 7, 29, 5, 21, 2, 16, -1, 10, -6, 6, -10, 3, -14, 1, -18, 1, -20, 1, -22, 3, -22, 5, -21, 6, -17, 8, -13, 8, -9, 8, -5, 7, 0, 5, 3, 2, 5, -1, 6, -4, 6, -7, 6, -9, 4, -10, 2, -11, -1, -10, -3, -9, -5, -7]"
CSI_DATA,69201,2023-11-13 21:28:53.792,1,stand,d4:da:21:98:07:d9,-29,11,0,0,0,0,0,0,0,0,0,-99,0,12,2,849696167,0,37,0,104,0,"[-22, -8, -18, -7, -13, -7, -8, -7, -3, -8, 2, -11, 5, -14, 7, -18, 9, -21, 9, -25, 8, -28, 7, -29, 4, -27, 3, -27, 2, -23, 3, -21, 5, -18, 7, -14, 10, -12, 15, -11, 18, -10, 23, -11, 24, -12, 28, -13, 28, -13, 26, -14, 19, -10, 15, -6, 10, -2, 7, 3, 5, 8, 4, 13, 4, 16, 5, 18, 7, 19, 9, 20, 10, 18, 11, 14, 10, 10, 10, 6, 7, 2, 5, -2, 1, -5, -2, -6, -5, -7, -8, -6, -10, -5, -11, -3, -11, -1, -10, 1, -8, 3, -6, 5]"
CSI_DATA,69202,2023-11-13 21:28:53.808,1,stand,d4:da:21:98:07:d9,-29,11,0,0,0,0,0,0,0,0,0,-99,0,12,2,849704093,0,37,0,104,0,"[-17, 9, -14, 7, -11, 4, -9, 1, -7, -3, -6, -8, -6, -12, -7, -14, -9, -17, -11, -19, -13, -21, -15, -21, -15, -18, -15, -17, -13, -15, -12, -14, -9, -13, -6, -13, -2, -14, 1, -16, 3, -18, 5, -21, 6, -23, 7, -25, 6, -26, 5, -24, 4, -18, 4, -13, 4, -8, 6, -3, 8, 1, 10, 4, 13, 5, 15, 6, 16, 5, 17, 4, 17, 2, 15, 0, 12, -2, 9, -3, 5, -4, 1, -4, -2, -4, -5, -2, -7, 0, -8, 2, -8, 4, -8, 5, -6, 6, -4, 7, -2, 7, 0, 5]"
CSI_DATA,69203,2023-11-13 21:28:53.824,1,stand,d4:da:21:98:07:d9,-29,11,0,0,0,0,0,0,0,0,0,-99,0,12,2,849716090,0,37,0,104,0,"[-16, 16, -13, 13, -11, 9, -9, 4, -9, -1, -9, -7, -11, -12, -14, -14, -16, -17, -19, -18, -22, -19, -23, -18, -23, -15, -23, -14, -20, -12, -18, -12, -14, -12, -10, -13, -7, -15, -4, -18, -2, -21, -1, -25, -1, -27, 0, -31, 0, -31, -2, -29, -1, -22, 1, -16, 3, -10, 6, -5, 10, -2, 13, 1, 17, 2, 19, 2, 21, 1, 21, -1, 20, -2, 17, -4, 13, -6, 9, -7, 4, -6, 0, -5, -4, -4, -6, -1, -8, 2, -9, 4, -8, 6, -7, 8, -5, 9, -3, 9, 0, 8, 2, 6]"
CSI_DATA,69204,2023-11-13 21:28:53.824,1,stand,d4:da:21:98:07:d9,-29,11,0,0,0,0,0,0,0,0,0,-99,0,12,2,849724093,0,37,0,104,0,"[21, 10, 17, 8, 12, 7, 7, 7, 1, 8, -4, 10, -8, 13, -10, 17, -12, 20, -12, 24, -12, 27, -11, 28, -8, 26, -7, 26, -6, 23, -7, 21, -7, 17, -10, 13, -13, 11, -17, 9, -20, 8, -25, 8, -27, 8, -31, 9, -31, 10, -29, 10, -21, 7, -16, 4, -12, -1, -8, -5, -5, -10, -4, -15, -4, -18, -5, -21, -6, -22, -8, -22, -9, -20, -10, -17, -10, -12, -10, -8, -8, -3, -5, 0, -2, 4, 1, 6, 5, 7, 7, 6, 9, 5, 10, 3, 10, 1, 9, -1, 8, -3, 5, -5]"
CSI_DATA,69205,2023-11-13 21:28:53.840,1,stand,d4:da:21:98:07:d9,-29,11,0,0,0,0,0,0,0,0,0,-99,0,12,2,849736105,0,37,0,104,0,"[9, 18, 7, 14, 4, 11, 1, 9, -4, 6, -8, 5, -13, 5, -16, 7, -19, 8, -21, 10, -23, 12, -23, 14, -20, 14, -19, 15, -16, 13, -15, 11, -14, 8, -14, 5, -14, 1, -17, -2, -19, -5, -21, -7, -24, -8, -27, -9, -27, -9, -26, -7, -19, -6, -14, -6, -8, -6, -3, -8, 1, -10, 4, -12, 6, -15, 6, -16, 6, -18, 5, -19, 3, -19, 1, -16, -2, -13, -3, -10, -4, -6, -4, -2, -4, 2, -2, 5, 0, 7, 2, 8, 4, 8, 5, 7, 7, 6, 7, 4, 7, 1, 6, -1]"
CSI_DATA,69206,2023-11-13 21:28:53.856,1,stand,d4:da:21:98:07:d9,-29,11,0,0,0,0,0,0,0,0,0,-99,0,12,2,849744825,0,37,0,104,0,"[-12, -19, -10, -15, -7, -12, -3, -10, 2, -8, 7, -7, 12, -8, 15, -9, 18, -11, 20, -13, 22, -16, 21, -17, 18, -17, 17, -18, 14, -16, 14, -14, 12, -10, 12, -7, 14, -3, 16, 0, 18, 2, 22, 4, 24, 5, 27, 6, 27, 6, 26, 5, 19, 3, 14, 4, 8, 5, 3, 7, -1, 9, -4, 12, -6, 15, -6, 16, -6, 18, -4, 19, -3, 18, 0, 16, 2, 12, 3, 9, 4, 5, 4, 1, 3, -3, 1, -6, -1, -8, -4, -9, -6, -9, -7, -8, -8, -7, -9, -4, -8, -2, -7, 0]"
CSI_DATA,69207,2023-11-13 21:28:53.856,1,stand,d4:da:21:98:07:d9,-29,11,0,0,0,0,0,0,0,0,0,-99,0,12,2,849756092,0,37,0,104,0,"[-3, -23, -2, -19, -1, -15, 2, -10, 6, -6, 10, -3, 15, -1, 18, -2, 22, -2, 26, -3, 28, -5, 28, -7, 26, -8, 25, -9, 21, -9, 20, -7, 17, -5, 15, -1, 15, 3, 16, 7, 17, 10, 19, 14, 21, 16, 24, 19, 24, 18, 23, 16, 17, 12, 12, 10, 6, 9, 0, 8, -5, 9, -9, 10, -12, 13, -13, 14, -13, 16, -12, 17, -11, 17, -7, 16, -2, 11, 0, 10, 2, 7, 4, 2, 4, -2, 3, -6, 2, -9, 0, -10, -2, -11, -4, -11, -6, -10, -7, -7, -8, -5, -8, -2]"
CSI_DATA,69208,2023-11-13 21:28:53.871,1,stand,d4:da:21:98:07:d9,-29,11,0,0,0,0,0,0,0,0,0,-99,0,12,2,849768106,0,37,0,104,0,"[19, -14, 16, -11, 13, -7, 9, -3, 7, 3, 6, 8, 7, 13, 9, 16, 11, 20, 14, 22, 17, 24, 19, 23, 19, 20, 20, 18, 17, 15, 15, 15, 11, 13, 7, 14, 3, 15, 0, 17, -3, 20, -6, 24, -5, 27, -7, 30, -7, 30, -5, 29, -5, 20, -6, 16, -7, 9, -9, 4, -11, -1, -14, -4, -17, -6, -19, -6, -21, -5, -22, -4, -21, -2, -18, 1, -14, 2, -11, 4, -6, 4, -1, 4, 3, 3, 6, 1, 8, -2, 9, -4, 9, -6, 8, -8, 6, -9, 3, -10, 0, -9, -2, -7]"
CSI_DATA,69209,2023-11-13 21:28:53.887,1,stand,d4:da:21:98:07:d9,-29,11,0,0,0,0,0,0,0,0,0,-99,0,12,2,849784101,0,37,0,104,0,"[2, 20, 2, 16, 0, 13, -2, 8, -6, 5, -10, 2, -14, 1, -17, 1, -21, 2, -24, 3, -27, 5, -26, 7, -24, 8, -23, 9, -19, 8, -18, 7, -16, 5, -15, 2, -15, -2, -16, -6, -17, -9, -19, -11, -21, -13, -24, -15, -24, -15, -24, -13, -17, -10, -13, -9, -7, -9, -2, -9, 2, -10, 5, -12, 8, -14, 8, -15, 8, -17, 7, -18, 5, -18, 2, -15, 0, -12, -2, -10, -3, -5, -4, -2, -4, 2, -2, 5, 0, 7, 1, 8, 3, 8, 5, 7, 6, 6, 7, 4, 7, 1, 5, -1]"
CSI_DATA,69210,2023-11-13 21:28:53.903,1,stand,d4:da:21:98:07:d9,-29,11,0,0,0,0,0,0,0,0,0,-99,0,12,2,849796092,0,37,0,104,0,"[15, 15, 12, 13, 8, 11, 3, 9, -2, 8, -7, 8, -12, 9, -15, 11, -17, 14, -19, 17, -20, 20, -19, 22, -15, 21, -14, 22, -12, 19, -12, 17, -11, 13, -12, 9, -14, 6, -17, 3, -20, 1, -24, 0, -26, 0, -30, 0, -30, 0, -29, 1, -21, 0, -17, -2, -11, -4, -7, -7, -3, -11, -1, -14, 1, -17, 0, -19, -1, -20, -2, -21, -4, -20, -6, -16, -6, -12, -7, -9, -6, -4, -4, 0, -2, 3, 0, 6, 3, 7, 5, 7, 7, 6, 8, 5, 9, 3, 8, 0, 7, -2, 5, -4]"
CSI_DATA,69211,2023-11-13 21:28:53.903,1,stand,d4:da:21:98:07:d9,-29,11,0,0,0,0,0,0,0,0,0,-99,0,12,2,849804092,0,37,0,104,0,"[7, -23, 5, -18, 5, -14, 6, -9, 8, -3, 10, 1, 14, 4, 18, 6, 22, 7, 25, 6, 28, 6, 29, 3, 27, 1, 27, -1, 23, -1, 21, 0, 18, 1, 15, 4, 13, 7, 13, 11, 13, 15, 14, 19, 16, 21, 17, 25, 18, 25, 18, 22, 13, 17, 9, 14, 3, 11, -2, 9, -7, 9, -11, 9, -14, 11, -15, 12, -16, 14, -15, 15, -13, 15, -9, 14, -5, 12, -2, 10, 1, 6, 3, 2, 4, -2, 3, -5, 2, -8, 0, -10, -1, -11, -4, -11, -6, -10, -7, -7, -7, -5, -7, -2]"
CSI_DATA,69212,2023-11-13 21:28:53.935,1,stand,d4:da:21:98:07:d9,-29,11,0,0,0,0,0,0,0,0,0,-99,0,12,2,849824217,0,37,0,104,0,"[14, -19, 12, -15, 10, -11, 8, -6, 8, 0, 9, 5, 11, 9, 14, 12, 18, 15, 21, 16, 25, 16, 26, 14, 25, 11, 25, 9, 22, 8, 19, 8, 16, 8, 12, 9, 9, 12, 7, 16, 6, 19, 5, 24, 6, 26, 6, 30, 7, 30, 7, 28, 4, 21, 2, 17, -2, 12, -6, 8, -10, 5, -14, 4, -18, 3, -20, 4, -21, 5, -20, 7, -19, 8, -15, 9, -10, 9, -7, 8, -2, 5, 1, 3, 4, 0, 5, -3, 5, -6, 5, -8, 4, -10, 1, -11, -1, -11, -3, -9, -5, -7, -6, -5]"
CSI_DATA,69213,2023-11-13 21:28:53.935,1,stand,d4:da:21:98:07:d9,-29,11,0,0,0,0,0,0,0,0,0,-99,0,12,2,849836095,0,37,0,104,0,"[-19, -4, -16, -3, -12, -3, -8, -4, -4, -7, -1, -9, 1, -13, 2, -16, 2, -19, 2, -22, 1, -25, -1, -25, -3, -23, -4, -23, -4, -19, -3, -18, -2, -15, 1, -14, 4, -13, 7, -13, 10, -14, 13, -15, 15, -17, 18, -18, 18, -19, 16, -19, 12, -14, 10, -10, 9, -5, 8, -1, 8, 3, 9, 7, 10, 9, 12, 9, 13, 10, 14, 9, 14, 8, 12, 5, 10, 2, 8, 0, 4, -2, 1, -3, -2, -4, -5, -3, -7, -2, -8, 0, -8, 2, -8, 4, -7, 5, -5, 6, -3, 6, -1, 5]"
CSI_DATA,69214,2023-11-13 21:28:53.951,1,stand,d4:da:21:98:07:d9,-29,11,0,0,0,0,0,0,0,0,0,-99,0,12,2,849844488,0,37,0,104,0,"[-22, 4, -17, 3, -14, 1, -10, -2, -6, -6, -4, -10, -3, -15, -4, -18, -5, -22, -7, -25, -9, -27, -12, -27, -13, -24, -14, -23, -13, -19, -11, -19, -8, -16, -4, -16, -1, -15, 3, -17, 6, -19, 9, -22, 10, -24, 11, -28, 11, -28, 10, -27, 8, -20, 8, -15, 7, -10, 8, -4, 11, 0, 13, 3, 15, 6, 16, 6, 19, 5, 19, 4, 18, 3, 15, 0, 12, -2, 9, -4, 4, -4, 0, -4, -4, -3, -6, -1, -8, 1, -9, 3, -9, 5, -7, 7, -5, 8, -3, 8, 0, 7, 2, 6]"
CSI_DATA,69215,2023-11-13 21:28:53.966,1,stand,d4:da:21:98:07:d9,-29,11,0,0,0,0,0,0,0,0,0,-99,0,12,2,849868058,0,37,0,104,0,"[19, -11, 15, -8, 12, -6, 9, -2, 6, 3, 6, 7, 7, 11, 8, 14, 10, 18, 13, 20, 16, 21, 18, 20, 19, 16, 19, 16, 17, 12, 15, 12, 12, 11, 9, 12, 6, 13, 3, 16, 2, 18, 0, 22, 0, 25, -1, 28, 0, 29, 1, 27, 0, 20, -1, 16, -4, 11, -8, 7, -11, 5, -14, 3, -16, 3, -18, 3, -19, 3, -19, 5, -18, 6, -14, 7, -10, 7, -6, 6, -2, 5, 1, 2, 3, 0, 4, -3, 5, -6, 3, -8, 2, -9, 0, -10, -2, -10, -3, -8, -5, -7, -6, -4]"
CSI_DATA,69216,2023-11-13 21:28:53.982,1,stand,d4:da:21:98:07:d9,-29,11,0,0,0,0,0,0,0,0,0,-99,0,12,2,849876110,0,37,0,104,0,"[7, 17, 5, 14, 3, 11, 0, 8, -4, 5, -8, 4, -12, 4, -15, 5, -18, 7, -20, 9, -21, 12, -21, 13, -18, 14, -17, 15, -14, 13, -13, 12, -12, 9, -12, 6, -13, 3, -15, 0, -17, -2, -20, -3, -22, -4, -25, -5, -26, -5, -25, -4, -19, -4, -14, -5, -10, -6, -6, -8, -3, -10, -1, -13, 0, -15, 0, -16, 0, -18, -2, -17, -3, -17, -5, -13, -5, -10, -5, -7, -5, -3, -3, 0, -2, 3, 1, 4, 3, 5, 5, 5, 7, 4, 8, 2, 8, 1, 7, -1, 5, -3, 4, -4]"
CSI_DATA,69217,2023-11-13 21:28:53.998,1,stand,d4:da:21:98:07:d9,-30,11,0,0,0,0,0,0,0,0,0,-99,0,12,2,849888100,0,37,0,104,0,"[18, 10, 14, 8, 10, 7, 6, 6, 1, 7, -3, 8, -7, 11, -8, 14, -10, 18, -10, 21, -9, 24, -8, 25, -5, 24, -3, 24, -2, 21, -3, 19, -4, 16, -6, 13, -9, 11, -12, 11, -15, 11, -19, 11, -21, 13, -24, 14, -24, 14, -22, 14, -18, 9, -15, 6, -12, 2, -10, -3, -10, -7, -10, -11, -10, -13, -12, -14, -13, -14, -14, -13, -14, -11, -13, -8, -11, -5, -9, -2, -5, 0, -2, 2, 1, 3, 4, 3, 7, 1, 8, 0, 9, -2, 8, -4, 7, -6, 4, -7, 2, -7, 0, -7]"
CSI_DATA,69218,2023-11-13 21:28:54.014,1,stand,d4:da:21:98:07:d9,-29,11,0,0,0,0,0,0,0,0,0,-99,0,12,2,849904101,0,37,0,104,0,"[-17, 10, -14, 8, -11, 5, -8, 2, -7, -2, -7, -7, -7, -10, -9, -13, -11, -16, -14, -17, -16, -18, -18, -17, -18, -14, -19, -13, -17, -11, -15, -11, -12, -10, -10, -11, -7, -12, -5, -15, -4, -17, -2, -21, -3, -23, -2, -25, -2, -26, -3, -24, -2, -19, 0, -15, 3, -11, 6, -7, 9, -5, 12, -4, 14, -4, 15, -4, 16, -5, 16, -6, 14, -7, 11, -8, 7, -7, 4, -7, 1, -5, -2, -3, -4, 0, -5, 2, -5, 5, -4, 7, -3, 8, -1, 8, 1, 8, 3, 6, 4, 5, 4, 3]"
CSI_DATA,69219,2023-11-13 21:28:54.014,1,stand,d4:da:21:98:07:d9,-29,11,0,0,0,0,0,0,0,0,0,-99,0,12,2,849916099,0,37,0,104,0,"[-17, 10, -14, 8, -12, 5, -9, 2, -7, -3, -6, -7, -7, -11, -9, -14, -11, -16, -13, -18, -16, -19, -18, -18, -18, -15, -19, -14, -17, -12, -15, -12, -13, -11, -9, -11, -7, -13, -4, -16, -3, -18, -1, -21, -1, -23, -1, -27, -1, -27, -1, -25, 0, -19, 2, -15, 4, -11, 7, -7, 10, -5, 13, -3, 15, -2, 16, -3, 17, -4, 17, -5, 15, -6, 12, -7, 8, -7, 5, -7, 1, -5, -2, -3, -4, -1, -5, 2, -6, 5, -5, 7, -4, 8, -2, 9, 0, 8, 2, 7, 4, 5, 5, 3]"
CSI_DATA,69220,2023-11-13 21:28:54.030,1,stand,d4:da:21:98:07:d9,-29,11,0,0,0,0,0,0,0,0,0,-99,0,12,2,849924106,0,37,0,104,0,"[11, 15, 8, 12, 6, 9, 3, 7, -2, 6, -6, 6, -9, 7, -12, 9, -14, 11, -15, 14, -16, 16, -15, 18, -13, 18, -11, 18, -9, 16, -9, 15, -9, 12, -10, 9, -11, 7, -14, 5, -16, 4, -20, 3, -22, 4, -25, 4, -25, 4, -23, 4, -18, 2, -14, 0, -11, -3, -8, -6, -6, -10, -5, -13, -5, -15, -6, -16, -7, -16, -8, -16, -9, -14, -9, -11, -8, -7, -7, -4, -5, -1, -2, 1, 1, 3, 3, 4, 5, 3, 7, 2, 8, 0, 8, -1, 8, -3, 6, -5, 4, -6, 2, -6]"
CSI_DATA,69221,2023-11-13 21:28:54.046,1,stand,d4:da:21:98:07:d9,-29,11,0,0,0,0,0,0,0,0,0,-99,0,12,2,849936100,0,37,0,104,0,"[15, 11, 12, 8, 9, 7, 5, 6, 0, 6, -4, 7, -7, 9, -8, 12, -10, 15, -11, 17, -11, 20, -9, 21, -7, 20, -6, 20, -4, 18, -5, 16, -5, 14, -7, 12, -9, 10, -12, 9, -15, 9, -18, 9, -20, 10, -22, 10, -22, 10, -21, 10, -16, 6, -14, 3, -11, 0, -9, -5, -9, -8, -8, -11, -9, -13, -10, -14, -11, -14, -12, -13, -12, -12, -11, -8, -9, -5, -8, -2, -5, 0, -2, 2, 1, 3, 4, 3, 7, 2, 8, 0, 8, -2, 8, -4, 7, -5, 5, -6, 3, -7, 1, -6]"
CSI_DATA,69222,2023-11-13 21:28:54.046,1,stand,d4:da:21:98:07:d9,-29,11,0,0,0,0,0,0,0,0,0,-99,0,12,2,849944099,0,37,0,104,0,"[3, -22, 3, -18, 3, -14, 4, -10, 6, -5, 9, -1, 13, 1, 16, 2, 21, 2, 24, 1, 27, -1, 27, -2, 25, -5, 25, -6, 21, -6, 20, -5, 18, -3, 16, 0, 15, 3, 16, 7, 17, 10, 18, 14, 20, 15, 23, 17, 23, 17, 22, 16, 15, 13, 10, 12, 5, 11, -1, 11, -5, 12, -8, 13, -10, 15, -11, 16, -10, 18, -8, 18, -6, 18, -3, 15, 0, 11, 1, 8, 3, 4, 3, -1, 2, -4, 1, -7, -2, -9, -4, -10, -6, -9, -8, -8, -9, -6, -9, -3, -9, 0, -7, 2]"
CSI_DATA,69223,2023-11-13 21:28:54.062,1,stand,d4:da:21:98:07:d9,-29,11,0,0,0,0,0,0,0,0,0,-99,0,12,2,849956097,0,37,0,104,0,"[1, -21, 0, -17, 1, -13, 2, -9, 5, -5, 8, -2, 12, -1, 15, 0, 19, -1, 22, -2, 24, -3, 24, -5, 22, -7, 22, -8, 19, -8, 18, -6, 16, -5, 14, -2, 14, 2, 15, 5, 16, 8, 18, 10, 20, 12, 22, 14, 22, 14, 21, 12, 14, 10, 10, 10, 5, 9, 0, 10, -4, 12, -6, 11, -10, 14, -8, 16, -8, 17, -6, 17, -4, 16, -2, 14, 0, 10, 2, 7, 3, 3, 3, -1, 2, -4, 0, -7, -2, -8, -5, -9, -6, -8, -8, -7, -9, -5, -9, -3, -8, 0, -7, 2]"
CSI_DATA,69224,2023-11-13 21:28:54.074,1,stand,d4:da:21:98:07:d9,-29,11,0,0,0,0,0,0,0,0,0,-99,0,12,2,849964100,0,37,0,104,0,"[-19, 0, -15, 0, -12, -1, -8, -3, -5, -5, -3, -8, -1, -12, -1, -15, -1, -18, -3, -21, -5, -23, -6, -23, -8, -20, -8, -20, -8, -17, -6, -17, -4, -15, -2, -14, 1, -14, 4, -15, 6, -16, 10, -17, 10, -20, 12, -21, 12, -21, 11, -20, 9, -14, 9, -10, 8, -5, 9, -1, 10, 3, 11, 5, 13, 7, 14, 7, 15, 7, 16, 5, 15, 3, 12, 1, 9, -1, 6, -3, 2, -3, -1, -3, -4, -3, -6, -1, -8, 0, -9, 3, -8, 4, -7, 6, -6, 7, -3, 7, -1, 7, 1, 5]"
CSI_DATA,69225,2023-11-13 21:28:54.078,1,stand,d4:da:21:98:07:d9,-29,11,0,0,0,0,0,0,0,0,0,-99,0,12,2,849976527,0,37,0,104,0,"[17, 12, 14, 10, 10, 8, 6, 7, 0, 7, -4, 9, -8, 11, -10, 14, -12, 17, -12, 21, -13, 23, -11, 25, -8, 24, -7, 24, -5, 21, -6, 19, -6, 16, -8, 14, -11, 11, -15, 10, -18, 10, -21, 10, -23, 10, -27, 10, -27, 11, -25, 10, -19, 6, -16, 2, -12, -2, -10, -7, -8, -11, -8, -15, -8, -17, -10, -18, -11, -18, -12, -17, -12, -15, -12, -11, -10, -6, -9, -3, -6, 0, -2, 3, 2, 4, 5, 5, 8, 4, 9, 2, 10, 0, 11, -3, 9, -4, 7, -6, 5, -7, 2, -7]"
CSI_DATA,69226,2023-11-13 21:28:54.094,1,stand,d4:da:21:98:07:d9,-29,11,0,0,0,0,0,0,0,0,0,-99,0,12,2,849984123,0,37,0,104,0,"[-18, 10, -15, 8, -12, 6, -9, 2, -8, -3, -7, -7, -8, -11, -9, -14, -12, -17, -14, -18, -16, -20, -18, -19, -18, -16, -19, -15, -17, -12, -15, -12, -12, -12, -9, -13, -7, -14, -4, -17, -3, -19, -1, -22, -1, -24, 0, -27, -1, -27, -1, -25, 1, -18, 3, -14, 5, -9, 8, -6, 11, -3, 14, -1, 16, -1, 18, -2, 18, -3, 18, -5, 16, -6, 12, -7, 8, -7, 4, -6, 0, -5, -3, -3, -6, -1, -7, 2, -7, 5, -6, 7, -5, 9, -3, 9, -1, 10, 1, 8, 3, 7, 4, 4]"
CSI_DATA,69227,2023-11-13 21:28:54.105,1,stand,d4:da:21:98:07:d9,-29,11,0,0,0,0,0,0,0,0,0,-99,0,12,2,849996100,0,37,0,104,0,"[15, 11, 12, 9, 8, 8, 4, 7, 0, 7, -4, 8, -7, 9, -9, 12, -11, 14, -12, 18, -12, 20, -11, 21, -8, 20, -7, 20, -6, 18, -7, 16, -7, 13, -9, 11, -11, 9, -14, 7, -17, 7, -20, 6, -22, 7, -25, 7, -25, 7, -23, 7, -17, 3, -14, 0, -10, -3, -7, -7, -5, -11, -5, -14, -5, -16, -5, -17, -7, -18, -8, -17, -9, -15, -9, -11, -8, -7, -7, -4, -5, 0, -3, 2, 0, 4, 3, 5, 6, 5, 8, 4, 9, 2, 9, 0, 9, -2, 8, -4, 6, -5, 3, -6]"
CSI_DATA,69228,2023-11-13 21:28:54.110,1,stand,d4:da:21:98:07:d9,-29,11,0,0,0,0,0,0,0,0,0,-99,0,12,2,850004098,0,37,0,104,0,"[-3, -19, -2, -16, -1, -12, 1, -9, 4, -6, 8, -4, 11, -3, 14, -3, 17, -4, 20, -5, 22, -7, 21, -9, 19, -10, 19, -10, 16, -10, 15, -8, 13, -6, 13, -3, 13, 0, 14, 3, 16, 5, 18, 8, 20, 8, 21, 10, 22, 10, 20, 9, 14, 7, 9, 7, 4, 7, 0, 8, -3, 10, -6, 12, -7, 14, -7, 15, -6, 16, -5, 17, -4, 16, -1, 13, 1, 9, 3, 6, 3, 2, 3, -1, 2, -5, 0, -7, -2, -8, -4, -9, -6, -8, -8, -7, -9, -5, -9, -3, -8, -1, -7, 1]"
CSI_DATA,69229,2023-11-13 21:28:54.126,1,stand,d4:da:21:98:07:d9,-29,11,0,0,0,0,0,0,0,0,0,-99,0,12,2,850016099,0,37,0,104,0,"[-9, -20, -7, -17, -4, -13, -1, -10, 3, -8, 8, -6, 12, -6, 15, -7, 19, -9, 21, -11, 23, -13, 22, -15, 20, -16, 18, -16, 16, -15, 16, -13, 14, -10, 14, -6, 15, -3, 17, 0, 19, 2, 22, 5, 24, 6, 27, 8, 27, 8, 25, 6, 17, 6, 12, 6, 7, 8, 1, 9, -2, 12, -5, 13, -5, 17, -6, 18, -5, 19, -4, 20, -2, 18, 1, 15, 2, 11, 4, 7, 4, 2, 3, -2, 2, -5, 0, -8, -3, -10, -5, -10, -7, -9, -9, -8, -10, -6, -10, -3, -9, -1, -7, 2]"
CSI_DATA,69230,2023-11-13 21:28:54.136,1,stand,d4:da:21:98:07:d9,-29,11,0,0,0,0,0,0,0,0,0,-99,0,12,2,850028105,0,37,0,104,0,"[-1, -22, 0, -18, 1, -14, 3, -10, 6, -6, 9, -3, 13, -1, 17, 0, 21, -1, 23, -2, 26, -3, 26, -5, 24, -7, 23, -7, 20, -7, 19, -5, 16, -3, 15, 0, 14, 4, 15, 8, 16, 11, 18, 14, 19, 15, 21, 18, 21, 18, 20, 16, 13, 12, 8, 11, 2, 9, -3, 9, -7, 10, -11, 11, -14, 12, -14, 14, -14, 15, -12, 16, -10, 16, -6, 14, -2, 11, 0, 8, 3, 4, 4, 0, 4, -4, 4, -7, 2, -10, 0, -11, -2, -12, -5, -11, -7, -10, -8, -7, -8, -4, -8, -2]"
CSI_DATA,69231,2023-11-13 21:28:54.142,1,stand,d4:da:21:98:07:d9,-29,11,0,0,0,0,0,0,0,0,0,-99,0,12,2,850044101,0,37,0,104,0,"[21, 6, 17, 5, 13, 5, 8, 6, 2, 8, -2, 10, -5, 13, -6, 17, -7, 21, -7, 24, -6, 27, -4, 28, -2, 26, -1, 26, 0, 22, -2, 21, -3, 17, -6, 15, -10, 13, -14, 13, -17, 13, -21, 13, -23, 14, -26, 16, -26, 16, -24, 15, -18, 9, -14, 4, -11, -1, -9, -6, -8, -11, -8, -15, -9, -18, -11, -19, -12, -19, -14, -17, -14, -15, -14, -11, -12, -6, -10, -3, -6, 1, -3, 4, 1, 5, 5, 6, 8, 5, 10, 3, 11, 1, 12, -2, 11, -4, 9, -6, 6, -7, 3, -7]"
CSI_DATA,69232,2023-11-13 21:28:54.157,1,stand,d4:da:21:98:07:d9,-29,11,0,0,0,0,0,0,0,0,0,-99,0,12,2,850056105,0,37,0,104,0,"[14, 14, 11, 11, 8, 9, 4, 8, -1, 7, -6, 8, -9, 9, -11, 12, -14, 14, -15, 17, -16, 20, -15, 21, -12, 20, -11, 21, -9, 18, -10, 16, -10, 13, -11, 10, -13, 8, -16, 6, -19, 5, -23, 4, -24, 4, -27, 3, -27, 3, -25, 4, -18, 1, -14, -2, -9, -5, -5, -9, -3, -12, -2, -15, -2, -18, -3, -19, -4, -20, -5, -20, -7, -18, -8, -14, -8, -9, -7, -5, -6, -1, -4, 2, -1, 5, 2, 6, 5, 7, 7, 6, 9, 5, 10, 3, 10, 0, 9, -2, 7, -4, 5, -5]"
CSI_DATA,69233,2023-11-13 21:28:54.173,1,stand,d4:da:21:98:07:d9,-29,11,0,0,0,0,0,0,0,0,0,-99,0,12,2,850069083,0,37,0,104,0,"[-3, -19, -2, -15, -1, -12, 1, -9, 4, -6, 7, -3, 11, -2, 14, -2, 17, -3, 19, -4, 21, -6, 21, -7, 19, -8, 19, -9, 16, -8, 16, -6, 14, -5, 13, -2, 13, 1, 14, 5, 15, 7, 17, 10, 18, 11, 20, 12, 20, 12, 18, 11, 12, 9, 8, 8, 3, 7, -2, 8, -6, 9, -9, 10, -10, 12, -10, 13, -10, 14, -9, 15, -6, 15, -3, 12, -1, 9, 1, 7, 3, 3, 3, -1, 3, -4, 2, -6, 0, -8, -2, -9, -4, -10, -5, -9, -7, -7, -7, -5, -8, -3, -6, 0]"
CSI_DATA,69234,2023-11-13 21:28:54.199,1,stand,d4:da:21:98:07:d9,-29,11,0,0,0,0,0,0,0,0,0,-99,0,12,2,850088118,0,37,0,104,0,"[20, 2, 16, 2, 12, 2, 8, 3, 4, 6, 0, 9, -2, 13, -2, 16, -3, 20, -2, 22, -1, 25, 1, 26, 2, 24, 3, 23, 3, 20, 1, 19, 0, 16, -3, 15, -6, 14, -10, 14, -13, 15, -17, 16, -18, 17, -20, 19, -20, 18, -18, 17, -14, 10, -12, 6, -10, 1, -9, -5, -10, -9, -10, -13, -12, -15, -13, -15, -15, -15, -16, -14, -16, -11, -14, -7, -12, -3, -9, 0, -5, 2, -1, 4, 2, 5, 6, 4, 8, 3, 10, 0, 11, -2, 10, -4, 9, -6, 6, -7, 4, -8, 1, -7]"
CSI_DATA,69235,2023-11-13 21:28:54.221,1,stand,d4:da:21:98:07:d9,-29,11,0,0,0,0,0,0,0,0,0,-99,0,12,2,850104109,0,37,0,104,0,"[-1, 18, -1, 14, -2, 11, -3, 7, -6, 4, -9, 1, -12, 0, -15, -1, -18, -1, -20, 0, -23, 1, -23, 2, -21, 3, -21, 4, -18, 4, -17, 2, -15, 1, -14, -2, -14, -5, -14, -8, -15, -11, -15, -14, -17, -15, -18, -17, -18, -17, -17, -15, -10, -12, -6, -10, -2, -9, 3, -8, 7, -9, 10, -9, 12, -11, 12, -12, 12, -13, 11, -14, 9, -14, 5, -12, 2, -10, -1, -8, -3, -5, -4, -1, -5, 2, -5, 5, -3, 7, -2, 9, 0, 9, 2, 9, 4, 8, 5, 6, 6, 4, 5, 1]"
CSI_DATA,69236,2023-11-13 21:28:54.230,1,stand,d4:da:21:98:07:d9,-29,11,0,0,0,0,0,0,0,0,0,-99,0,12,2,850116099,0,37,0,104,0,"[10, 15, 8, 12, 5, 10, 2, 8, -3, 6, -6, 6, -10, 6, -12, 8, -15, 10, -16, 12, -18, 14, -17, 15, -15, 15, -14, 15, -12, 13, -12, 12, -12, 9, -12, 7, -13, 4, -16, 1, -18, 0, -21, -2, -22, -2, -25, -3, -24, -3, -23, -3, -15, -3, -11, -5, -6, -6, -2, -9, 0, -11, 2, -14, 3, -16, 3, -17, 2, -18, 0, -18, -2, -17, -4, -13, -5, -10, -6, -6, -5, -2, -4, 2, -3, 5, 0, 6, 2, 7, 5, 7, 6, 7, 8, 5, 8, 3, 8, 1, 7, -1, 5, -3]"
CSI_DATA,69237,2023-11-13 21:28:54.230,1,stand,d4:da:21:98:07:d9,-29,11,0,0,0,0,0,0,0,0,0,-99,0,12,2,850124103,0,37,0,104,0,"[17, -12, 14, -10, 11, -6, 9, -3, 7, 2, 7, 7, 8, 11, 9, 13, 11, 16, 14, 18, 16, 19, 18, 19, 18, 16, 18, 15, 16, 13, 14, 13, 11, 13, 7, 13, 4, 15, 1, 18, 0, 20, -3, 23, -2, 25, -3, 27, -3, 27, -3, 25, -4, 17, -5, 11, -7, 6, -10, 1, -13, -2, -16, -4, -18, -5, -20, -4, -21, -3, -21, -1, -19, 1, -15, 3, -11, 5, -7, 5, -3, 5, 2, 4, 5, 2, 7, -1, 9, -3, 9, -6, 8, -8, 6, -10, 4, -10, 1, -10, -2, -9, -4, -7]"
CSI_DATA,69238,2023-11-13 21:28:54.237,1,stand,d4:da:21:98:07:d9,-29,11,0,0,0,0,0,0,0,0,0,-99,0,12,2,850136566,0,37,0,104,0,"[16, -8, 13, -6, 11, -4, 8, -1, 6, 3, 4, 6, 5, 10, 5, 13, 7, 16, 8, 18, 10, 19, 11, 19, 12, 17, 12, 16, 11, 14, 9, 14, 6, 12, 3, 13, 0, 13, -2, 15, -4, 16, -7, 19, -7, 21, -9, 22, -8, 22, -8, 20, -7, 13, -7, 9, -7, 4, -9, -1, -10, -4, -13, -7, -14, -8, -16, -8, -17, -7, -17, -6, -16, -4, -14, -1, -10, 1, -7, 3, -3, 4, 0, 4, 4, 3, 6, 1, 8, -1, 8, -3, 8, -5, 7, -7, 5, -8, 3, -8, 1, -8, -2, -7]"
CSI_DATA,69239,2023-11-13 21:28:54.252,1,stand,d4:da:21:98:07:d9,-29,11,0,0,0,0,0,0,0,0,0,-99,0,12,2,850144824,0,37,0,104,0,"[-16, 10, -13, 8, -11, 5, -9, 2, -8, -2, -7, -7, -8, -10, -9, -13, -11, -16, -13, -17, -16, -19, -17, -18, -17, -16, -17, -15, -15, -13, -13, -13, -11, -13, -8, -13, -5, -15, -2, -17, 0, -19, 2, -22, 2, -23, 3, -26, 3, -25, 2, -23, 3, -16, 4, -11, 6, -6, 8, -2, 11, 1, 13, 3, 16, 4, 17, 4, 18, 2, 18, 1, 17, -1, 13, -3, 9, -5, 6, -6, 1, -5, -3, -5, -6, -3, -8, -1, -9, 2, -9, 4, -8, 6, -7, 8, -5, 9, -2, 8, 0, 7, 2, 6]"
CSI_DATA,69240,2023-11-13 21:28:54.261,1,stand,d4:da:21:98:07:d9,-29,11,0,0,0,0,0,0,0,0,0,-99,0,12,2,850156101,0,37,0,104,0,"[-18, -11, -15, -9, -11, -8, -7, -7, -2, -8, 2, -9, 6, -12, 8, -15, 10, -18, 10, -21, 10, -24, 9, -24, 7, -23, 6, -23, 5, -20, 6, -19, 7, -15, 9, -13, 11, -10, 14, -9, 18, -8, 21, -7, 23, -8, 26, -8, 25, -8, 23, -8, 16, -4, 12, 0, 8, 3, 5, 7, 2, 11, 1, 15, 1, 17, 3, 18, 4, 19, 6, 18, 7, 16, 8, 12, 7, 7, 7, 3, 5, -1, 3, -4, 0, -7, -3, -8, -6, -8, -8, -7, -10, -6, -11, -4, -11, -1, -10, 1, -8, 3, -6, 4]"
CSI_DATA,69241,2023-11-13 21:28:54.268,1,stand,d4:da:21:98:07:d9,-29,11,0,0,0,0,0,0,0,0,0,-99,0,12,2,850164108,0,37,0,104,0,"[-14, 18, -11, 14, -10, 10, -9, 6, -9, 0, -10, -5, -13, -9, -15, -11, -18, -13, -22, -15, -25, -15, -26, -14, -25, -11, -25, -11, -22, -9, -20, -10, -17, -10, -13, -12, -10, -15, -8, -18, -7, -21, -6, -25, -6, -27, -6, -30, -6, -30, -6, -27, -3, -19, 1, -14, 4, -9, 9, -5, 13, -3, 16, -1, 19, -1, 20, -2, 21, -4, 21, -5, 18, -7, 14, -8, 9, -8, 5, -8, 0, -7, -4, -4, -8, -2, -9, 2, -10, 5, -9, 7, -7, 10, -5, 11, -2, 11, 0, 10, 3, 8, 4, 6]"
CSI_DATA,69242,2023-11-13 21:28:54.284,1,stand,d4:da:21:98:07:d9,-29,11,0,0,0,0,0,0,0,0,0,-99,0,12,2,850176100,0,37,0,104,0,"[-7, 19, -6, 15, -6, 11, -6, 7, -8, 2, -10, -2, -13, -5, -16, -6, -19, -7, -22, -7, -25, -7, -26, -6, -24, -3, -24, -3, -21, -2, -20, -3, -17, -4, -14, -7, -13, -10, -12, -13, -12, -16, -12, -20, -13, -21, -13, -25, -13, -24, -13, -22, -7, -16, -4, -12, 1, -9, 5, -7, 10, -6, 13, -6, 15, -7, 17, -8, 17, -10, 16, -11, 14, -11, 9, -11, 5, -10, 2, -9, -2, -6, -5, -3, -7, 1, -7, 4, -6, 7, -5, 9, -3, 10, -1, 10, 1, 10, 3, 8, 5, 6, 6, 3]"
CSI_DATA,69243,2023-11-13 21:28:54.300,1,stand,d4:da:21:98:07:d9,-29,11,0,0,0,0,0,0,0,0,0,-99,0,12,2,850188922,0,37,0,104,0,"[-4, 21, -3, 17, -4, 13, -5, 8, -8, 4, -11, 0, -15, -3, -18, -3, -22, -4, -25, -4, -28, -3, -28, -1, -26, 0, -26, 2, -22, 2, -21, 0, -18, -2, -16, -4, -15, -8, -15, -12, -15, -16, -16, -19, -17, -21, -18, -24, -17, -24, -16, -21, -10, -16, -5, -13, 0, -10, 5, -8, 10, -7, 13, -7, 16, -9, 17, -10, 17, -12, 16, -13, 13, -14, 9, -13, 4, -11, 1, -9, -3, -6, -5, -3, -7, 1, -7, 5, -7, 8, -5, 10, -3, 11, 0, 11, 2, 10, 4, 8, 5, 6, 6, 3]"
CSI_DATA,69244,2023-11-13 21:28:54.316,1,stand,d4:da:21:98:07:d9,-29,11,0,0,0,0,0,0,0,0,0,-99,0,12,2,850205916,0,37,0,104,0,"[-16, 10, -13, 8, -11, 5, -9, 1, -7, -3, -7, -7, -7, -11, -8, -14, -10, -17, -13, -19, -15, -20, -16, -19, -16, -17, -16, -17, -14, -14, -13, -14, -10, -13, -7, -13, -3, -14, 0, -16, 2, -18, 5, -21, 5, -23, 6, -25, 6, -25, 5, -23, 5, -15, 5, -11, 6, -5, 7, -1, 10, 3, 12, 6, 14, 7, 15, 7, 16, 6, 17, 4, 16, 2, 13, -1, 10, -3, 7, -4, 2, -5, -1, -5, -5, -5, -7, -3, -9, -1, -10, 1, -10, 3, -9, 5, -7, 7, -4, 7, -2, 7, 0, 6]"
CSI_DATA,69245,2023-11-13 21:28:54.324,1,stand,d4:da:21:98:07:d9,-29,11,0,0,0,0,0,0,0,0,0,-99,0,12,2,850216116,0,37,0,104,0,"[16, -10, 13, -8, 11, -5, 8, -2, 6, 3, 5, 7, 5, 11, 7, 14, 8, 17, 10, 19, 12, 21, 13, 20, 14, 17, 14, 17, 12, 14, 10, 14, 8, 13, 4, 13, 1, 14, -3, 16, -5, 17, -8, 20, -8, 22, -10, 24, -10, 24, -9, 22, -7, 14, -7, 9, -7, 4, -8, -1, -10, -5, -12, -8, -14, -10, -15, -9, -17, -9, -17, -7, -17, -5, -14, -2, -11, 1, -8, 3, -4, 4, 0, 5, 3, 4, 6, 3, 8, 1, 9, -1, 9, -3, 8, -5, 7, -7, 5, -8, 2, -8, -1, -7]"
CSI_DATA,69246,2023-11-13 21:28:54.332,1,stand,d4:da:21:98:07:d9,-29,11,0,0,0,0,0,0,0,0,0,-99,0,12,2,850224111,0,37,0,104,0,"[-22, -9, -17, -8, -13, -8, -8, -8, -2, -9, 2, -11, 6, -15, 7, -18, 9, -21, 10, -24, 10, -28, 9, -29, 6, -27, 5, -27, 4, -23, 5, -22, 6, -18, 8, -15, 12, -12, 16, -11, 19, -10, 23, -10, 26, -10, 29, -9, 29, -9, 26, -9, 18, -6, 14, -2, 9, 2, 5, 7, 2, 11, 1, 15, 1, 18, 2, 20, 4, 21, 6, 20, 7, 18, 8, 14, 8, 9, 8, 5, 7, 0, 4, -4, 2, -7, -2, -9, -5, -10, -8, -9, -10, -7, -11, -5, -12, -3, -11, 0, -9, 2, -7, 4]"
CSI_DATA,69247,2023-11-13 21:28:54.347,1,stand,d4:da:21:98:07:d9,-29,11,0,0,0,0,0,0,0,0,0,-99,0,12,2,850240540,0,37,0,104,0,"[-17, -9, -14, -8, -10, -7, -6, -7, -1, -8, 3, -9, 6, -11, 7, -13, 10, -16, 10, -18, 10, -21, 9, -22, 7, -21, 6, -21, 5, -18, 6, -16, 7, -14, 8, -10, 11, -8, 14, -7, 16, -5, 20, -4, 21, -4, 24, -4, 24, -4, 22, -4, 15, -2, 11, 0, 6, 3, 3, 6, 0, 9, -2, 12, -2, 14, -2, 16, -1, 17, 1, 17, 3, 15, 4, 12, 5, 8, 6, 5, 5, 1, 4, -2, 2, -5, 0, -7, -2, -9, -5, -8, -7, -8, -8, -6, -8, -4, -8, -2, -8, 0, -6, 2]"
CSI_DATA,69248,2023-11-13 21:28:54.364,1,stand,d4:da:21:98:07:d9,-29,11,0,0,0,0,0,0,0,0,0,-99,0,12,2,850256111,0,37,0,104,0,"[-6, 17, -5, 14, -5, 10, -6, 6, -7, 1, -10, -2, -12, -5, -15, -6, -18, -8, -21, -7, -24, -7, -24, -6, -23, -4, -22, -3, -20, -3, -18, -4, -15, -5, -12, -7, -11, -10, -9, -14, -9, -17, -8, -20, -9, -21, -9, -24, -9, -24, -9, -23, -5, -16, -2, -12, 1, -8, 5, -5, 9, -3, 12, -2, 15, -2, 16, -3, 17, -4, 16, -5, 15, -7, 11, -8, 7, -8, 4, -8, 0, -6, -3, -5, -6, -2, -8, 0, -8, 3, -8, 5, -7, 7, -5, 8, -3, 8, 0, 8, 2, 7, 3, 5]"
CSI_DATA,69249,2023-11-13 21:28:54.364,1,stand,d4:da:21:98:07:d9,-29,11,0,0,0,0,0,0,0,0,0,-99,0,12,2,850264427,0,37,0,104,0,"[-17, 8, -14, 6, -11, 3, -9, 0, -7, -4, -6, -8, -6, -12, -6, -14, -8, -18, -9, -20, -11, -21, -13, -21, -13, -19, -13, -18, -12, -15, -10, -15, -7, -14, -4, -14, -1, -14, 3, -16, 5, -17, 8, -19, 9, -21, 10, -23, 10, -23, 9, -21, 7, -14, 7, -10, 6, -4, 7, 0, 8, 4, 9, 7, 11, 9, 13, 10, 14, 9, 15, 8, 14, 6, 13, 3, 10, 0, 7, -2, 4, -4, 0, -5, -3, -6, -6, -5, -8, -3, -10, -2, -10, 0, -10, 3, -8, 4, -6, 5, -4, 6, -1, 6]"
CSI_DATA,69250,2023-11-13 21:28:54.386,1,stand,d4:da:21:98:07:d9,-29,11,0,0,0,0,0,0,0,0,0,-99,0,12,2,850276109,0,37,0,104,0,"[18, 0, 15, 0, 11, 1, 7, 3, 3, 5, 1, 9, -1, 12, -2, 15, -2, 18, -1, 20, 0, 23, 1, 23, 3, 21, 3, 21, 3, 18, 2, 17, 0, 15, -3, 13, -6, 12, -10, 12, -13, 12, -16, 13, -17, 14, -20, 15, -20, 15, -19, 14, -14, 9, -11, 5, -8, 1, -7, -4, -6, -8, -6, -12, -6, -14, -8, -15, -9, -15, -11, -14, -12, -12, -11, -9, -10, -5, -9, -2, -6, 1, -3, 4, -1, 5, 2, 5, 6, 7, 8, 4, 9, 2, 9, 0, 8, -2, 7, -4, 5, -5, 3, -6]"
CSI_DATA,69251,2023-11-13 21:28:54.395,1,stand,d4:da:21:98:07:d9,-29,11,0,0,0,0,0,0,0,0,0,-99,0,12,2,850284116,0,37,0,104,0,"[2, -21, 2, -17, 3, -13, 4, -9, 7, -4, 10, -1, 13, 2, 16, 3, 20, 3, 23, 3, 26, 2, 26, 1, 24, -1, 24, -2, 21, -2, 19, 0, 16, 1, 14, 4, 13, 8, 12, 12, 12, 15, 12, 19, 13, 20, 14, 24, 14, 23, 14, 21, 8, 15, 4, 12, 0, 8, -5, 6, -10, 5, -14, 4, -17, 5, -18, 6, -18, 8, -18, 9, -15, 10, -11, 11, -7, 10, -3, 9, 0, 6, 4, 3, 6, 0, 7, -3, 7, -6, 6, -9, 4, -10, 2, -11, -1, -11, -3, -10, -5, -8, -6, -5]"
CSI_DATA,69252,2023-11-13 21:28:54.395,1,stand,d4:da:21:98:07:d9,-29,11,0,0,0,0,0,0,0,0,0,-99,0,12,2,850296107,0,37,0,104,0,"[-9, -18, -7, -15, -5, -12, -1, -9, 3, -7, 8, -6, 12, -6, 15, -7, 18, -8, 20, -10, 22, -12, 22, -13, 19, -14, 18, -14, 16, -13, 16, -11, 14, -8, 14, -4, 14, -1, 16, 3, 17, 6, 20, 9, 22, 10, 24, 12, 24, 12, 22, 10, 14, 8, 10, 7, 4, 7, -1, 7, -6, 9, -9, 10, -11, 12, -12, 14, -11, 15, -10, 16, -8, 16, -4, 14, -1, 11, 1, 9, 3, 5, 5, 1, 5, -3, 4, -6, 3, -9, 1, -10, -2, -11, -4, -10, -6, -9, -7, -7, -8, -4, -7, -2]"
CSI_DATA,69253,2023-11-13 21:28:54.411,1,stand,d4:da:21:98:07:d9,-29,11,0,0,0,0,0,0,0,0,0,-99,0,12,2,850304111,0,37,0,104,0,"[-15, 11, -12, 8, -10, 5, -9, 2, -7, -3, -7, -7, -8, -11, -9, -13, -11, -16, -13, -17, -15, -18, -17, -18, -17, -15, -17, -15, -15, -13, -13, -12, -10, -12, -7, -12, -4, -14, -1, -16, 1, -18, 3, -21, 3, -22, 5, -25, 5, -25, 4, -23, 3, -16, 4, -11, 5, -6, 6, -2, 9, 2, 11, 4, 13, 6, 15, 5, 16, 5, 16, 3, 16, 1, 13, -1, 10, -3, 7, -5, 3, -5, -1, -5, -4, -4, -7, -3, -9, -1, -9, 2, -9, 4, -8, 5, -6, 6, -4, 7, -2, 7, 1, 6]"
CSI_DATA,69254,2023-11-13 21:28:54.427,1,stand,d4:da:21:98:07:d9,-29,11,0,0,0,0,0,0,0,0,0,-99,0,12,2,850316109,0,37,0,104,0,"[-17, 12, -14, 9, -11, 6, -9, 2, -8, -3, -8, -8, -9, -12, -10, -15, -12, -18, -14, -20, -17, -21, -18, -20, -18, -18, -19, -17, -17, -15, -14, -14, -11, -14, -7, -14, -4, -16, -1, -18, 1, -20, 4, -23, 5, -25, 6, -28, 6, -28, 5, -26, 5, -18, 5, -13, 6, -7, 7, -1, 10, 3, 12, 6, 15, 7, 16, 7, 18, 6, 18, 5, 18, 3, 15, 0, 11, -3, 8, -5, 4, -6, 0, -6, -4, -5, -7, -4, -10, -1, -11, 1, -10, 3, -10, 5, -8, 7, -5, 8, -3, 7, 0, 7]"
CSI_DATA,69255,2023-11-13 21:28:54.427,1,stand,d4:da:21:98:07:d9,-29,11,0,0,0,0,0,0,0,0,0,-99,0,12,2,850324107,0,37,0,104,0,"[18, 8, 14, 7, 10, 6, 5, 6, 0, 7, -4, 9, -7, 12, -9, 14, -11, 17, -11, 20, -12, 23, -10, 24, -8, 22, -7, 22, -6, 19, -8, 18, -8, 14, -10, 11, -12, 8, -16, 6, -19, 5, -23, 4, -25, 5, -28, 4, -27, 4, -25, 4, -18, 1, -13, -1, -8, -3, -4, -7, -1, -11, 0, -14, 1, -17, 1, -19, 0, -19, -2, -20, -4, -18, -6, -15, -7, -11, -7, -7, -7, -2, -6, 1, -4, 5, -1, 7, 1, 8, 4, 8, 6, 8, 8, 6, 9, 4, 9, 1, 7, -1, 6, -3]"
CSI_DATA,69256,2023-11-13 21:28:54.442,1,stand,d4:da:21:98:07:d9,-29,11,0,0,0,0,0,0,0,0,0,-99,0,12,2,850336116,0,37,0,104,0,"[8, 19, 6, 15, 3, 12, -1, 9, -5, 6, -10, 4, -14, 4, -18, 5, -21, 6, -23, 8, -26, 10, -25, 11, -23, 12, -22, 12, -19, 11, -18, 9, -17, 6, -16, 2, -16, -2, -18, -6, -19, -9, -21, -12, -23, -13, -25, -16, -25, -16, -24, -14, -16, -11, -11, -10, -5, -8, 1, -9, 6, -10, 10, -11, 12, -13, 13, -14, 12, -16, 11, -17, 9, -17, 5, -16, 1, -13, -2, -11, -4, -7, -6, -2, -7, 2, -6, 5, -5, 8, -2, 10, 0, 11, 2, 10, 4, 9, 6, 7, 7, 4, 7, 1]"
CSI_DATA,69257,2023-11-13 21:28:54.449,1,stand,d4:da:21:98:07:d9,-29,11,0,0,0,0,0,0,0,0,0,-99,0,12,2,850344112,0,37,0,104,0,"[9, -22, 7, -18, 7, -12, 7, -8, 8, -2, 11, 3, 14, 7, 17, 9, 21, 10, 23, 11, 26, 11, 27, 10, 26, 7, 26, 6, 23, 5, 20, 6, 18, 7, 13, 9, 11, 13, 9, 17, 8, 20, 7, 25, 7, 26, 7, 30, 7, 30, 7, 28, 3, 19, 0, 14, -3, 9, -8, 4, -13, 2, -16, 0, -20, -1, -21, 0, -22, 2, -22, 4, -21, 5, -16, 7, -12, 8, -7, 8, -2, 7, 2, 5, 6, 2, 8, -1, 9, -4, 9, -7, 8, -9, 6, -11, 3, -11, 1, -11, -2, -10, -4, -8]"
CSI_DATA,69258,2023-11-13 21:28:54.458,1,stand,d4:da:21:98:07:d9,-29,11,0,0,0,0,0,0,0,0,0,-99,0,12,2,850356258,0,37,0,104,0,"[-20, 6, -16, 4, -13, 2, -10, -2, -7, -6, -5, -10, -4, -14, -5, -17, -6, -21, -7, -23, -9, -26, -10, -25, -11, -23, -12, -22, -11, -19, -9, -19, -6, -17, -2, -16, 2, -16, 5, -17, 8, -18, 12, -20, 13, -22, 16, -24, 15, -24, 14, -22, 10, -15, 9, -10, 8, -4, 7, 2, 8, 6, 9, 10, 11, 12, 13, 13, 14, 13, 15, 11, 16, 9, 14, 6, 12, 2, 9, -1, 5, -4, 2, -6, -2, -6, -6, -6, -9, -5, -10, -3, -11, -1, -11, 1, -10, 4, -8, 5, -6, 6, -3, 6]"
CSI_DATA,69259,2023-11-13 21:28:54.474,1,stand,d4:da:21:98:07:d9,-29,11,0,0,0,0,0,0,0,0,0,-99,0,12,2,850368107,0,37,0,104,0,"[14, -18, 11, -15, 10, -10, 8, -5, 8, 1, 9, 5, 11, 10, 14, 12, 17, 15, 20, 16, 23, 17, 24, 16, 23, 13, 23, 12, 20, 10, 18, 11, 14, 11, 11, 12, 7, 14, 4, 18, 3, 21, 0, 25, 0, 27, -1, 30, -1, 30, 0, 28, -2, 19, -3, 14, -6, 8, -9, 2, -12, -1, -16, -4, -18, -5, -21, -5, -22, -4, -22, -2, -21, 0, -17, 3, -13, 5, -9, 6, -4, 6, 0, 5, 5, 4, 7, 1, 9, -1, 10, -4, 9, -7, 8, -9, 6, -10, 3, -10, 0, -10, -3, -8]"
CSI_DATA,69260,2023-11-13 21:28:54.490,1,stand,d4:da:21:98:07:d9,-29,11,0,0,0,0,0,0,0,0,0,-99,0,12,2,850385602,0,37,0,104,0,"[-18, 10, -15, 7, -12, 4, -9, 1, -7, -4, -7, -8, -7, -13, -8, -16, -10, -19, -11, -21, -14, -23, -15, -23, -15, -20, -16, -19, -14, -16, -12, -16, -9, -15, -6, -15, -2, -16, 2, -17, 4, -19, 7, -22, 8, -23, 10, -26, 10, -26, 9, -24, 7, -16, 7, -11, 6, -6, 7, 0, 9, 4, 11, 8, 13, 10, 14, 10, 16, 9, 17, 8, 17, 6, 15, 2, 12, -1, 9, -3, 5, -5, 1, -6, -3, -6, -6, -5, -9, -3, -10, -1, -11, 1, -10, 3, -9, 5, -7, 6, -4, 7, -1, 7]"
CSI_DATA,69261,2023-11-13 21:28:54.506,1,stand,d4:da:21:98:07:d9,-29,11,0,0,0,0,0,0,0,0,0,-99,0,12,2,850396483,0,37,0,104,0,"[-7, 17, -6, 13, -6, 9, -6, 5, -8, 1, -9, -3, -12, -6, -14, -7, -17, -9, -20, -9, -22, -9, -23, -8, -22, -6, -22, -5, -19, -5, -18, -5, -14, -6, -12, -8, -10, -11, -8, -14, -7, -17, -7, -20, -7, -22, -7, -25, -7, -25, -7, -23, -4, -16, -1, -12, 2, -8, 6, -5, 9, -2, 12, -1, 15, 0, 16, -1, 17, -2, 17, -4, 16, -5, 12, -6, 9, -7, 5, -7, 1, -6, -2, -5, -5, -3, -7, -1, -8, 2, -8, 5, -7, 6, -6, 7, -4, 8, -1, 8, 1, 7, 2, 5]"
CSI_DATA,69262,2023-11-13 21:28:54.511,1,stand,d4:da:21:98:07:d9,-29,11,0,0,0,0,0,0,0,0,0,-99,0,12,2,850404721,0,37,0,104,0,"[-19, -5, -15, -5, -11, -5, -7, -6, -3, -7, 1, -10, 3, -13, 4, -16, 6, -19, 5, -21, 5, -24, 3, -25, 2, -23, 1, -23, 0, -20, 2, -18, 3, -16, 5, -13, 8, -12, 12, -11, 15, -11, 18, -11, 20, -11, 23, -12, 23, -12, 21, -12, 15, -7, 11, -4, 8, 0, 5, 5, 4, 9, 3, 12, 3, 15, 4, 16, 6, 16, 7, 16, 9, 14, 9, 11, 9, 7, 8, 3, 6, 0, 4, -4, 1, -6, -2, -7, -5, -7, -7, -6, -9, -5, -10, -3, -10, -1, -9, 1, -7, 3, -5, 4]"
CSI_DATA,69263,2023-11-13 21:28:54.522,1,stand,d4:da:21:98:07:d9,-29,11,0,0,0,0,0,0,0,0,0,-99,0,12,2,850416109,0,37,0,104,0,"[15, -11, 12, -8, 10, -5, 8, -2, 6, 3, 5, 7, 6, 10, 7, 13, 9, 16, 11, 18, 13, 19, 14, 19, 14, 16, 14, 16, 13, 13, 11, 13, 8, 12, 5, 12, 1, 13, -2, 15, -4, 17, -6, 19, -7, 21, -8, 24, -8, 23, -7, 22, -6, 15, -6, 10, -6, 5, -8, 0, -10, -4, -12, -7, -13, -9, -15, -9, -17, -8, -17, -7, -17, -5, -15, -2, -12, 0, -9, 2, -5, 4, -1, 4, 2, 4, 5, 3, 7, 1, 8, -1, 9, -3, 8, -5, 7, -6, 5, -7, 2, -8, 0, -7]"
CSI_DATA,69264,2023-11-13 21:28:54.522,1,stand,d4:da:21:98:07:d9,-29,11,0,0,0,0,0,0,0,0,0,-99,0,12,2,850424110,0,37,0,104,0,"[-19, -14, -15, -11, -11, -10, -5, -9, 1, -9, 5, -10, 9, -13, 11, -15, 14, -18, 16, -22, 17, -24, 15, -25, 12, -24, 11, -24, 9, -21, 11, -20, 10, -15, 12, -12, 14, -8, 18, -6, 21, -5, 25, -3, 28, -3, 31, -1, 30, -1, 28, -2, 19, -1, 14, 2, 8, 4, 3, 8, -1, 11, -3, 15, -4, 18, -4, 20, -2, 21, -1, 22, 1, 20, 4, 17, 5, 12, 6, 8, 6, 3, 5, -1, 4, -5, 1, -8, -2, -10, -5, -10, -7, -10, -9, -8, -11, -6, -11, -4, -10, -1, -8, 2]"
CSI_DATA,69265,2023-11-13 21:28:54.542,1,stand,d4:da:21:98:07:d9,-29,11,0,0,0,0,0,0,0,0,0,-99,0,12,2,850436114,0,37,0,104,0,"[-15, -14, -11, -12, -8, -10, -4, -9, 1, -8, 6, -8, 10, -10, 12, -11, 15, -14, 16, -16, 17, -19, 16, -20, 14, -19, 13, -19, 11, -17, 11, -15, 11, -12, 12, -9, 13, -5, 16, -2, 18, -1, 22, 2, 23, 2, 26, 3, 26, 3, 24, 2, 16, 3, 11, 4, 6, 5, 1, 7, -3, 10, -5, 12, -7, 15, -7, 16, -6, 18, -5, 18, -2, 18, 1, 15, 2, 11, 4, 8, 5, 4, 5, 0, 4, -4, 2, -7, 0, -9, -2, -10, -4, -10, -6, -9, -8, -7, -8, -5, -8, -2, -8, 0]"
CSI_DATA,69266,2023-11-13 21:28:54.553,1,stand,d4:da:21:98:07:d9,-29,11,0,0,0,0,0,0,0,0,0,-99,0,12,2,850444216,0,37,0,104,0,"[-14, 15, -12, 12, -10, 7, -9, 3, -9, -2, -9, -7, -10, -11, -13, -13, -15, -16, -18, -17, -20, -18, -22, -17, -21, -14, -21, -14, -19, -12, -17, -12, -13, -12, -10, -13, -7, -15, -4, -18, -2, -21, 0, -24, 0, -26, 1, -29, 1, -29, 0, -27, 1, -19, 3, -13, 4, -8, 7, -3, 11, 1, 13, 4, 16, 5, 18, 5, 19, 3, 20, 1, 19, -1, 16, -3, 11, -5, 8, -7, 3, -7, -1, -6, -5, -5, -8, -3, -9, 0, -10, 2, -10, 5, -8, 7, -6, 8, -4, 8, -1, 8, 1, 7]"
CSI_DATA,69267,2023-11-13 21:28:54.553,1,stand,d4:da:21:98:07:d9,-29,11,0,0,0,0,0,0,0,0,0,-99,0,12,2,850456401,0,37,0,104,0,"[-10, 12, -8, 9, -7, 6, -7, 3, -7, -1, -7, -5, -9, -7, -10, -9, -12, -11, -14, -12, -16, -12, -17, -12, -17, -10, -17, -9, -14, -8, -13, -9, -10, -8, -8, -10, -5, -11, -4, -13, -2, -15, -1, -18, -1, -20, 0, -22, 0, -22, 0, -20, 1, -14, 2, -10, 3, -6, 5, -2, 7, 0, 10, 2, 12, 4, 13, 3, 14, 2, 15, 1, 14, -1, 12, -2, 8, -4, 6, -5, 3, -5, -1, -5, -3, -4, -6, -2, -7, -1, -8, 1, -8, 3, -7, 5, -5, 6, -3, 6, -1, 6, 1, 5]"
CSI_DATA,69268,2023-11-13 21:28:54.574,1,stand,d4:da:21:98:07:d9,-29,11,0,0,0,0,0,0,0,0,0,-99,0,12,2,850464116,0,37,0,104,0,"[17, -7, 14, -5, 10, -3, 8, 0, 5, 4, 4, 8, 3, 12, 4, 14, 5, 18, 6, 20, 8, 22, 9, 22, 10, 19, 10, 19, 9, 16, 7, 15, 5, 14, 2, 13, -1, 14, -5, 15, -8, 16, -11, 18, -12, 19, -14, 21, -13, 21, -12, 20, -9, 13, -8, 8, -7, 3, -8, -2, -9, -6, -10, -9, -11, -12, -13, -12, -15, -12, -16, -11, -16, -9, -14, -5, -12, -2, -10, 0, -6, 3, -3, 4, 1, 5, 4, 4, 7, 3, 8, 1, 9, -1, 9, -3, 8, -5, 6, -6, 4, -7, 1, -7]"
CSI_DATA,69269,2023-11-13 21:28:54.585,1,stand,d4:da:21:98:07:d9,-29,11,0,0,0,0,0,0,0,0,0,-99,0,12,2,850476114,0,37,0,104,0,"[15, -12, 13, -9, 10, -6, 8, -2, 7, 2, 6, 7, 7, 11, 8, 13, 10, 16, 12, 18, 15, 20, 16, 19, 16, 17, 16, 16, 14, 14, 12, 14, 9, 13, 5, 13, 2, 14, -1, 16, -4, 18, -6, 21, -6, 23, -8, 25, -8, 25, -7, 23, -6, 16, -6, 10, -7, 5, -8, 0, -10, -4, -12, -8, -15, -9, -16, -9, -18, -9, -19, -7, -18, -5, -16, -2, -13, 1, -10, 3, -6, 4, -2, 5, 2, 5, 5, 3, 8, 2, 9, -1, 9, -3, 9, -5, 7, -7, 5, -8, 3, -8, 0, -8]"
CSI_DATA,69270,2023-11-13 21:28:54.585,1,stand,d4:da:21:98:07:d9,-29,11,0,0,0,0,0,0,0,0,0,-99,0,12,2,850484116,0,37,0,104,0,"[-16, -14, -13, -11, -9, -10, -4, -9, 0, -9, 5, -9, 8, -11, 11, -13, 13, -16, 15, -19, 16, -21, 15, -22, 12, -21, 11, -21, 10, -19, 10, -17, 10, -14, 11, -10, 13, -7, 16, -5, 19, -4, 22, -2, 25, -2, 27, -1, 27, -1, 25, -2, 17, 0, 12, 1, 7, 4, 2, 7, -1, 10, -3, 13, -4, 16, -4, 18, -2, 19, -1, 20, 1, 18, 3, 15, 5, 11, 6, 8, 6, 3, 5, -1, 3, -5, 1, -7, -1, -9, -4, -9, -7, -9, -8, -7, -9, -5, -9, -3, -9, 0, -7, 2]"
CSI_DATA,69271,2023-11-13 21:28:54.605,1,stand,d4:da:21:98:07:d9,-29,11,0,0,0,0,0,0,0,0,0,-99,0,12,2,850496147,0,37,0,104,0,"[19, -3, 15, -2, 12, 0, 8, 2, 5, 6, 2, 9, 0, 13, 1, 16, 1, 20, 2, 23, 3, 25, 5, 25, 6, 22, 6, 22, 5, 19, 3, 18, 1, 16, -2, 15, -5, 14, -9, 14, -12, 15, -16, 16, -17, 18, -19, 19, -19, 19, -17, 18, -13, 11, -11, 7, -8, 1, -7, -4, -7, -8, -8, -12, -9, -15, -11, -16, -12, -16, -14, -15, -15, -13, -14, -9, -12, -5, -11, -2, -8, 1, -4, 4, -1, 5, 3, 5, 6, 5, 8, 4, 9, 2, 10, -1, 9, -3, 8, -5, 6, -6, 3, -7]"
CSI_DATA,69272,2023-11-13 21:28:54.605,1,stand,d4:da:21:98:07:d9,-29,11,0,0,0,0,0,0,0,0,0,-99,0,12,2,850504116,0,37,0,104,0,"[-10, 15, -8, 12, -7, 8, -7, 4, -8, 0, -9, -4, -11, -7, -13, -9, -16, -11, -18, -11, -21, -12, -21, -11, -20, -9, -20, -8, -18, -7, -16, -8, -13, -8, -10, -10, -8, -12, -7, -15, -5, -17, -5, -20, -5, -22, -5, -25, -4, -25, -5, -23, -2, -16, 0, -12, 2, -7, 6, -4, 9, -1, 12, 0, 15, 1, 16, 0, 17, -1, 17, -3, 16, -4, 13, -6, 9, -7, 6, -7, 2, -6, -2, -5, -5, -4, -7, -1, -8, 1, -8, 4, -7, 5, -6, 7, -4, 8, -2, 8, 0, 7, 2, 6]"
CSI_DATA,69273,2023-11-13 21:28:54.617,1,stand,d4:da:21:98:07:d9,-29,11,0,0,0,0,0,0,0,0,0,-99,0,12,2,850516113,0,37,0,104,0,"[-6, 21, -6, 16, -6, 12, -7, 7, -9, 2, -11, -2, -15, -5, -18, -6, -22, -7, -25, -8, -28, -8, -29, -6, -27, -4, -27, -3, -23, -3, -22, -4, -18, -5, -16, -8, -13, -11, -13, -15, -12, -18, -12, -22, -13, -25, -14, -28, -13, -27, -13, -25, -8, -18, -4, -14, 1, -10, 6, -7, 10, -5, 15, -4, 18, -5, 19, -6, 20, -8, 20, -10, 17, -11, 13, -12, 8, -11, 4, -11, 0, -8, -4, -6, -7, -2, -8, 1, -8, 4, -7, 7, -6, 9, -4, 10, -1, 10, 1, 10, 4, 8, 5, 5]"
CSI_DATA,69274,2023-11-13 21:28:54.636,1,stand,d4:da:21:98:07:d9,-29,11,0,0,0,0,0,0,0,0,0,-99,0,12,2,850528642,0,37,0,104,0,"[20, 2, 16, 2, 12, 3, 8, 5, 3, 7, 0, 10, -3, 13, -4, 17, -4, 20, -4, 23, -4, 26, -2, 26, 0, 24, 0, 24, 1, 21, -1, 19, -3, 17, -5, 14, -9, 13, -13, 13, -16, 13, -20, 13, -21, 14, -24, 15, -24, 15, -22, 15, -16, 9, -12, 4, -9, -1, -7, -6, -6, -11, -6, -14, -7, -17, -8, -18, -10, -19, -11, -18, -12, -16, -13, -12, -12, -8, -11, -4, -8, 0, -5, 3, -2, 5, 2, 6, 5, 6, 8, 5, 9, 3, 10, 1, 10, -1, 9, -3, 7, -5, 4, -6]"
CSI_DATA,69275,2023-11-13 21:28:54.648,1,stand,d4:da:21:98:07:d9,-29,11,0,0,0,0,0,0,0,0,0,-99,0,12,2,850538512,0,37,0,104,0,"[17, -6, 13, -4, 11, -2, 8, 1, 5, 4, 3, 8, 3, 11, 3, 14, 4, 17, 5, 20, 6, 21, 7, 21, 8, 19, 8, 19, 8, 16, 6, 16, 4, 14, 1, 13, -3, 13, -6, 14, -8, 15, -11, 17, -12, 18, -14, 20, -14, 20, -13, 18, -10, 11, -9, 7, -8, 2, -8, -3, -8, -7, -9, -10, -11, -12, -12, -12, -14, -12, -15, -11, -15, -9, -14, -6, -12, -2, -10, 0, -6, 2, -3, 4, 0, 5, 3, 4, 6, 3, 8, 1, 9, 0, 9, -2, 8, -4, 6, -6, 4, -7, 2, -7]"
CSI_DATA,69276,2023-11-13 21:28:54.648,1,stand,d4:da:21:98:07:d9,-29,11,0,0,0,0,0,0,0,0,0,-99,0,12,2,850544127,0,37,0,104,0,"[3, -23, 3, -18, 3, -14, 5, -9, 8, -4, 11, 0, 15, 2, 18, 3, 22, 4, 25, 3, 28, 3, 29, 1, 27, -1, 26, -2, 23, -2, 22, 0, 18, 2, 16, 5, 14, 8, 14, 12, 14, 16, 15, 20, 16, 22, 17, 25, 17, 25, 16, 22, 10, 16, 5, 13, 0, 9, -6, 7, -11, 6, -15, 6, -19, 7, -20, 9, -20, 10, -19, 13, -17, 14, -12, 13, -7, 12, -4, 11, 1, 8, 4, 4, 6, 0, 6, -4, 6, -7, 5, -9, 3, -12, 0, -12, -2, -12, -4, -10, -6, -8, -7, -5]"
CSI_DATA,69277,2023-11-13 21:28:54.668,1,stand,d4:da:21:98:07:d9,-29,11,0,0,0,0,0,0,0,0,0,-99,0,12,2,850556121,0,37,0,104,0,"[-7, -18, -5, -15, -3, -12, 0, -9, 4, -7, 8, -5, 12, -5, 14, -6, 17, -7, 19, -8, 21, -10, 21, -11, 19, -12, 18, -12, 16, -11, 15, -9, 14, -6, 13, -3, 14, 0, 15, 3, 17, 5, 18, 8, 20, 9, 22, 11, 22, 11, 20, 9, 13, 7, 8, 7, 3, 7, -2, 7, -6, 8, -9, 10, -11, 12, -11, 13, -11, 15, -9, 16, -7, 16, -4, 14, -1, 11, 1, 9, 3, 5, 4, 2, 5, -2, 4, -5, 2, -8, 0, -9, -2, -10, -4, -10, -6, -8, -7, -6, -8, -4, -7, -2]"
CSI_DATA,69278,2023-11-13 21:28:54.680,1,stand,d4:da:21:98:07:d9,-29,11,0,0,0,0,0,0,0,0,0,-99,0,12,2,850576115,0,37,0,104,0,"[2, 17, 1, 14, -1, 11, -3, 8, -6, 4, -9, 2, -13, 1, -15, 1, -19, 1, -21, 2, -23, 3, -23, 4, -21, 5, -21, 6, -18, 5, -17, 3, -15, 1, -14, -1, -14, -4, -14, -8, -15, -10, -16, -14, -17, -15, -19, -17, -19, -17, -18, -15, -11, -11, -7, -10, -2, -8, 3, -7, 7, -7, 10, -8, 12, -9, 13, -11, 13, -12, 12, -13, 10, -14, 7, -13, 3, -12, 0, -10, -2, -7, -5, -4, -6, -1, -6, 3, -5, 5, -4, 7, -2, 8, 0, 9, 2, 8, 4, 7, 5, 5, 5, 3]"
CSI_DATA,69279,2023-11-13 21:28:54.699,1,stand,d4:da:21:98:07:d9,-29,11,0,0,0,0,0,0,0,0,0,-99,0,12,2,850592137,0,37,0,104,0,"[2, -18, 2, -15, 3, -12, 4, -7, 6, -4, 8, 0, 12, 2, 14, 3, 17, 3, 20, 3, 22, 3, 23, 2, 21, 0, 21, 0, 18, 0, 17, 1, 14, 2, 13, 4, 11, 7, 11, 11, 10, 13, 11, 17, 12, 18, 12, 20, 12, 20, 11, 18, 7, 13, 3, 10, -1, 7, -5, 5, -9, 4, -13, 3, -15, 4, -17, 5, -17, 7, -17, 8, -15, 9, -11, 9, -7, 9, -4, 8, 0, 6, 2, 4, 5, 1, 5, -2, 6, -5, 5, -7, 4, -8, 2, -10, 0, -10, -2, -9, -4, -7, -5, -5]"
CSI_DATA,69280,2023-11-13 21:28:54.712,1,stand,d4:da:21:98:07:d9,-29,11,0,0,0,0,0,0,0,0,0,-99,0,12,2,850604117,0,37,0,104,0,"[-21, -9, -17, -8, -12, -7, -8, -8, -2, -9, 2, -11, 5, -14, 7, -17, 9, -20, 9, -23, 9, -26, 8, -26, 6, -25, 6, -25, 5, -22, 6, -20, 7, -17, 9, -14, 12, -12, 16, -10, 19, -9, 23, -8, 24, -9, 27, -9, 27, -9, 25, -9, 17, -5, 13, -1, 8, 3, 4, 7, 2, 11, 0, 15, 0, 18, 1, 20, 3, 21, 4, 20, 6, 19, 8, 15, 8, 10, 9, 6, 7, 2, 5, -2, 3, -6, 0, -8, -3, -9, -6, -9, -8, -8, -10, -6, -11, -4, -10, -1, -10, 1, -8, 3]"
CSI_DATA,69281,2023-11-13 21:28:54.727,1,stand,d4:da:21:98:07:d9,-29,11,0,0,0,0,0,0,0,0,0,-99,0,12,2,850616118,0,37,0,104,0,"[-19, -5, -15, -4, -12, -5, -8, -6, -3, -8, 0, -10, 2, -13, 3, -16, 4, -19, 5, -22, 4, -24, 3, -25, 1, -23, 0, -23, 0, -20, 1, -19, 2, -16, 5, -14, 8, -13, 11, -12, 14, -12, 17, -12, 19, -13, 21, -14, 21, -14, 19, -13, 14, -8, 11, -4, 8, 0, 6, 5, 5, 9, 5, 12, 5, 15, 7, 16, 8, 16, 10, 16, 11, 14, 11, 10, 10, 6, 9, 3, 6, -1, 4, -4, 1, -6, -2, -7, -6, -7, -8, -5, -10, -4, -10, -2, -10, 0, -9, 2, -7, 4, -5, 5]"
CSI_DATA,69282,2023-11-13 21:28:54.730,1,stand,d4:da:21:98:07:d9,-29,11,0,0,0,0,0,0,0,0,0,-99,0,12,2,850624112,0,37,0,104,0,"[13, 14, 10, 12, 7, 10, 3, 8, -2, 8, -6, 7, -10, 9, -13, 10, -16, 12, -18, 14, -19, 17, -18, 18, -16, 18, -15, 18, -13, 15, -13, 14, -13, 11, -14, 8, -15, 4, -18, 2, -20, 0, -23, -2, -25, -3, -27, -4, -27, -3, -25, -3, -17, -3, -12, -5, -7, -6, -2, -9, 2, -11, 4, -14, 6, -17, 5, -18, 4, -20, 3, -20, 0, -20, -2, -17, -4, -13, -6, -9, -6, -5, -6, -1, -5, 3, -3, 6, -1, 8, 2, 8, 4, 8, 6, 7, 7, 6, 8, 3, 8, 1, 7, -2]"
CSI_DATA,69283,2023-11-13 21:28:54.744,1,stand,d4:da:21:98:07:d9,-29,11,0,0,0,0,0,0,0,0,0,-99,0,12,2,850636114,0,37,0,104,0,"[12, 18, 9, 14, 6, 12, 2, 10, -4, 8, -8, 7, -13, 8, -16, 10, -19, 12, -21, 14, -23, 16, -22, 18, -20, 18, -19, 18, -17, 16, -17, 14, -15, 11, -16, 7, -17, 3, -20, 0, -22, -2, -25, -5, -27, -5, -30, -7, -29, -7, -27, -6, -18, -5, -13, -6, -7, -7, -1, -10, 3, -13, 6, -15, 8, -18, 7, -20, 6, -22, 4, -22, 2, -22, -1, -19, -4, -15, -6, -11, -7, -6, -7, -1, -6, 3, -4, 6, -1, 9, 1, 10, 4, 10, 6, 9, 8, 7, 9, 4, 9, 2, 8, -1]"
CSI_DATA,69284,2023-11-13 21:28:54.759,1,stand,d4:da:21:98:07:d9,-29,11,0,0,0,0,0,0,0,0,0,-99,0,12,2,850648114,0,37,0,104,0,"[8, 16, 6, 13, 3, 10, 0, 8, -4, 6, -8, 5, -11, 5, -14, 6, -17, 7, -19, 9, -21, 11, -20, 12, -18, 12, -18, 12, -15, 11, -15, 9, -14, 7, -14, 3, -14, 0, -16, -3, -17, -4, -20, -7, -21, -7, -23, -9, -23, -9, -22, -8, -14, -7, -9, -7, -5, -7, 0, -8, 4, -10, 7, -11, 8, -13, 9, -15, 8, -16, 6, -17, 5, -17, 2, -15, -1, -12, -3, -10, -5, -6, -6, -2, -5, 1, -5, 4, -3, 7, -1, 8, 1, 8, 3, 8, 5, 7, 6, 5, 7, 3, 6, 0]"
CSI_DATA,69285,2023-11-13 21:28:54.761,1,stand,d4:da:21:98:07:d9,-29,11,0,0,0,0,0,0,0,0,0,-99,0,12,2,850656111,0,37,0,104,0,"[5, -18, 4, -14, 4, -11, 5, -7, 6, -3, 8, 1, 11, 3, 14, 4, 17, 5, 19, 6, 22, 5, 22, 4, 21, 3, 21, 2, 18, 2, 17, 3, 14, 3, 12, 6, 10, 8, 10, 12, 9, 14, 9, 18, 9, 19, 10, 22, 10, 21, 9, 19, 5, 14, 2, 10, -2, 7, -6, 4, -10, 3, -13, 3, -16, 2, -17, 4, -18, 5, -17, 7, -16, 8, -12, 9, -8, 8, -5, 8, -1, 6, 2, 4, 4, 2, 5, -1, 6, -4, 6, -6, 4, -8, 3, -9, 1, -10, -2, -9, -3, -8, -5, -6]"
CSI_DATA,69286,2023-11-13 21:28:54.775,1,stand,d4:da:21:98:07:d9,-29,11,0,0,0,0,0,0,0,0,0,-99,0,12,2,850664510,0,37,0,104,0,"[2, -19, 2, -15, 3, -12, 4, -8, 6, -4, 8, -1, 12, 1, 14, 2, 17, 3, 20, 3, 22, 2, 23, 1, 21, 0, 21, -1, 18, -1, 17, 1, 14, 1, 13, 4, 11, 7, 11, 10, 11, 13, 11, 16, 12, 18, 12, 20, 13, 20, 12, 18, 7, 13, 3, 10, -1, 7, -6, 5, -9, 4, -13, 4, -15, 4, -17, 6, -17, 7, -16, 9, -14, 10, -11, 10, -7, 9, -4, 8, 0, 6, 2, 4, 4, 1, 5, -2, 5, -5, 5, -7, 3, -9, 1, -9, -1, -10, -3, -9, -4, -7, -5, -5]"
CSI_DATA,69287,2023-11-13 21:28:54.775,1,stand,d4:da:21:98:07:d9,-29,11,0,0,0,0,0,0,0,0,0,-99,0,12,2,850676125,0,37,0,104,0,"[-17, -7, -14, -6, -10, -6, -7, -6, -3, -7, 1, -9, 3, -12, 4, -14, 6, -17, 6, -19, 6, -22, 5, -23, 3, -21, 3, -21, 2, -19, 3, -17, 4, -15, 6, -12, 9, -11, 12, -10, 14, -9, 17, -9, 19, -10, 21, -10, 21, -10, 19, -10, 13, -6, 10, -2, 7, 1, 4, 5, 3, 9, 2, 12, 2, 15, 3, 16, 5, 16, 7, 16, 8, 14, 8, 11, 8, 7, 8, 4, 6, 0, 4, -3, 2, -5, -1, -6, -4, -7, -6, -6, -8, -5, -9, -3, -9, -1, -9, 1, -7, 3, -5, 4]"
CSI_DATA,69288,2023-11-13 21:28:54.792,1,stand,d4:da:21:98:07:d9,-29,11,0,0,0,0,0,0,0,0,0,-99,0,12,2,850684592,0,37,0,104,0,"[-7, 18, -6, 15, -6, 11, -7, 7, -8, 2, -10, -2, -13, -5, -16, -6, -19, -7, -22, -8, -24, -8, -25, -7, -24, -5, -24, -4, -21, -3, -19, -5, -16, -6, -14, -8, -12, -11, -11, -14, -10, -17, -10, -21, -11, -22, -11, -25, -11, -24, -10, -23, -6, -16, -3, -12, 1, -9, 6, -6, 10, -4, 14, -3, 17, -4, 18, -5, 19, -7, 18, -8, 16, -10, 12, -10, 8, -10, 4, -10, 0, -8, -3, -6, -6, -3, -7, 0, -8, 3, -7, 6, -6, 8, -4, 9, -2, 9, 1, 9, 3, 7, 4, 5]"
CSI_DATA,69289,2023-11-13 21:28:54.807,1,stand,d4:da:21:98:07:d9,-29,11,0,0,0,0,0,0,0,0,0,-99,0,12,2,850696121,0,37,0,104,0,"[7, 17, 5, 14, 2, 11, 0, 8, -4, 6, -8, 5, -12, 4, -15, 5, -18, 6, -20, 7, -22, 9, -22, 10, -20, 11, -19, 11, -17, 10, -17, 8, -15, 5, -15, 2, -15, -1, -16, -4, -18, -6, -20, -9, -21, -10, -23, -12, -23, -11, -21, -10, -14, -8, -9, -8, -4, -8, 1, -8, 5, -10, 8, -11, 10, -13, 10, -15, 10, -16, 8, -17, 6, -17, 3, -15, 0, -13, -3, -10, -4, -6, -6, -3, -6, 1, -5, 4, -3, 7, -1, 8, 1, 9, 3, 9, 5, 7, 6, 6, 7, 3, 6, 1]"
CSI_DATA,69290,2023-11-13 21:28:54.807,1,stand,d4:da:21:98:07:d9,-29,11,0,0,0,0,0,0,0,0,0,-99,0,12,2,850704118,0,37,0,104,0,"[10, -20, 8, -16, 8, -12, 7, -7, 9, -2, 10, 2, 13, 6, 15, 8, 19, 10, 22, 11, 25, 11, 26, 11, 24, 8, 24, 7, 21, 6, 20, 7, 16, 8, 13, 10, 10, 13, 8, 16, 7, 19, 7, 23, 7, 25, 7, 28, 7, 28, 6, 25, 3, 18, 0, 13, -4, 8, -8, 4, -12, 2, -17, 0, -20, -1, -21, 1, -23, 2, -22, 4, -20, 7, -16, 8, -11, 9, -8, 9, -3, 8, 1, 6, 5, 3, 7, 0, 8, -3, 8, -6, 7, -9, 5, -10, 3, -11, 0, -11, -3, -10, -5, -8]"
CSI_DATA,69291,2023-11-13 21:28:54.824,1,stand,d4:da:21:98:07:d9,-29,11,0,0,0,0,0,0,0,0,0,-99,0,12,2,850717911,0,37,0,104,0,"[6, 16, 5, 13, 2, 11, -1, 8, -4, 6, -8, 4, -12, 4, -14, 5, -18, 6, -19, 7, -21, 9, -21, 10, -19, 11, -18, 11, -16, 9, -16, 8, -15, 5, -14, 3, -15, -1, -16, -4, -17, -6, -19, -9, -21, -9, -22, -11, -22, -10, -21, -9, -14, -8, -9, -7, -4, -7, 1, -8, 4, -10, 7, -11, 9, -13, 9, -15, 9, -16, 7, -17, 5, -17, 2, -15, -1, -12, -3, -10, -4, -6, -6, -2, -5, 1, -5, 4, -3, 6, -1, 8, 1, 8, 3, 8, 5, 7, 6, 5, 6, 3, 6, 0]"
CSI_DATA,69292,2023-11-13 21:28:54.824,1,stand,d4:da:21:98:07:d9,-29,11,0,0,0,0,0,0,0,0,0,-99,0,12,2,850724113,0,37,0,104,0,"[-15, 17, -12, 13, -11, 9, -10, 5, -10, -1, -10, -5, -12, -9, -14, -12, -18, -15, -20, -16, -23, -17, -24, -16, -23, -13, -24, -13, -21, -11, -19, -12, -15, -12, -12, -13, -9, -15, -7, -19, -5, -22, -4, -25, -4, -27, -3, -30, -3, -30, -3, -27, -1, -19, 1, -14, 4, -9, 8, -4, 12, -1, 16, 1, 19, 2, 20, 1, 22, -1, 22, -2, 20, -5, 17, -7, 12, -8, 8, -9, 3, -8, -2, -7, -5, -5, -8, -2, -9, 1, -9, 4, -8, 7, -7, 9, -5, 10, -2, 10, 0, 9, 3, 7]"
CSI_DATA,69293,2023-11-13 21:28:54.839,1,stand,d4:da:21:98:07:d9,-29,11,0,0,0,0,0,0,0,0,0,-99,0,12,2,850736113,0,37,0,104,0,"[-15, 16, -12, 13, -11, 9, -10, 5, -9, -1, -10, -6, -12, -10, -14, -12, -17, -15, -20, -16, -23, -17, -24, -16, -23, -14, -23, -13, -21, -12, -18, -13, -15, -12, -12, -14, -9, -16, -6, -19, -4, -22, -3, -25, -3, -27, -2, -30, -2, -30, -2, -28, 0, -19, 2, -14, 5, -8, 8, -3, 12, 0, 16, 2, 19, 3, 20, 2, 22, 1, 22, -1, 21, -4, 17, -6, 12, -7, 8, -8, 3, -8, -1, -7, -5, -5, -8, -2, -10, 1, -10, 4, -9, 6, -8, 8, -6, 9, -3, 10, 0, 9, 2, 7]"
CSI_DATA,69294,2023-11-13 21:28:54.855,1,stand,d4:da:21:98:07:d9,-29,11,0,0,0,0,0,0,0,0,0,-99,0,12,2,850744121,0,37,0,104,0,"[15, 12, 12, 10, 9, 9, 4, 8, -1, 8, -5, 9, -9, 10, -11, 12, -13, 15, -14, 18, -15, 20, -15, 21, -12, 20, -11, 21, -10, 18, -11, 16, -11, 13, -12, 10, -14, 7, -17, 5, -20, 4, -23, 2, -25, 2, -28, 2, -27, 2, -25, 2, -17, 0, -13, -2, -8, -5, -4, -8, -1, -12, 1, -15, 2, -18, 1, -20, 0, -21, -2, -21, -4, -20, -6, -16, -7, -12, -8, -8, -7, -4, -6, 0, -5, 4, -2, 6, 1, 8, 3, 8, 6, 7, 8, 6, 9, 4, 9, 1, 8, -1, 7, -3]"
CSI_DATA,69295,2023-11-13 21:28:54.855,1,stand,d4:da:21:98:07:d9,-29,11,0,0,0,0,0,0,0,0,0,-99,0,12,2,850756115,0,37,0,104,0,"[18, 0, 15, 0, 11, 1, 8, 3, 4, 5, 1, 9, -1, 12, -1, 15, -2, 18, -1, 20, 0, 23, 1, 23, 2, 21, 3, 21, 2, 19, 1, 18, -1, 15, -4, 13, -7, 13, -10, 12, -13, 12, -16, 13, -17, 14, -20, 16, -19, 15, -18, 14, -13, 8, -11, 4, -9, 0, -7, -5, -7, -9, -7, -13, -8, -15, -9, -16, -10, -17, -12, -15, -13, -14, -13, -10, -11, -6, -10, -3, -7, 0, -5, 3, -2, 5, 2, 6, 5, 5, 7, 4, 8, 2, 9, 0, 9, -2, 8, -4, 6, -5, 4, -6]"
CSI_DATA,69296,2023-11-13 21:28:54.870,1,stand,d4:da:21:98:07:d9,-29,11,0,0,0,0,0,0,0,0,0,-99,0,12,2,850764334,0,37,0,104,0,"[19, 4, 15, 4, 11, 4, 7, 4, 3, 7, -1, 9, -3, 12, -4, 15, -5, 19, -5, 21, -5, 24, -4, 25, -2, 23, -1, 23, -1, 20, -2, 19, -3, 16, -6, 14, -9, 12, -12, 12, -15, 12, -19, 13, -20, 13, -23, 13, -23, 13, -21, 12, -15, 8, -12, 3, -9, -1, -7, -6, -6, -10, -6, -14, -7, -17, -8, -17, -10, -18, -12, -17, -13, -15, -13, -11, -12, -7, -11, -3, -8, 0, -5, 3, -2, 5, 2, 6, 5, 6, 7, 4, 9, 3, 10, 0, 10, -2, 8, -4, 7, -5, 4, -6]"
CSI_DATA,69297,2023-11-13 21:28:54.887,1,stand,d4:da:21:98:07:d9,-29,11,0,0,0,0,0,0,0,0,0,-99,0,12,2,850776118,0,37,0,104,0,"[-11, -17, -9, -14, -6, -12, -2, -10, 2, -8, 6, -7, 10, -8, 13, -9, 16, -11, 18, -13, 20, -15, 19, -17, 17, -16, 16, -17, 14, -15, 14, -13, 13, -10, 13, -7, 15, -3, 16, -1, 19, 1, 21, 4, 23, 4, 25, 6, 25, 6, 23, 5, 15, 4, 10, 5, 5, 6, 0, 8, -4, 11, -7, 12, -8, 15, -8, 17, -7, 19, -5, 19, -3, 18, 0, 16, 2, 12, 4, 9, 5, 5, 5, 1, 4, -3, 3, -6, 1, -9, -2, -10, -4, -10, -6, -9, -8, -7, -9, -5, -9, -3, -8, 0]"
CSI_DATA,69298,2023-11-13 21:28:54.887,1,stand,d4:da:21:98:07:d9,-29,11,0,0,0,0,0,0,0,0,0,-99,0,12,2,850788118,0,37,0,104,0,"[-11, -17, -9, -14, -6, -11, -2, -9, 2, -8, 6, -7, 10, -8, 12, -9, 15, -11, 17, -13, 19, -14, 19, -16, 16, -16, 16, -16, 14, -15, 13, -13, 13, -10, 13, -7, 14, -4, 16, -1, 18, 1, 21, 3, 22, 3, 25, 5, 24, 5, 22, 4, 15, 4, 10, 4, 5, 6, 0, 7, -3, 10, -6, 13, -7, 15, -7, 17, -6, 18, -4, 18, -2, 18, 0, 15, 2, 12, 4, 9, 5, 4, 5, 0, 4, -3, 2, -6, 0, -8, -3, -9, -5, -9, -7, -8, -8, -7, -9, -4, -9, -2, -8, 0]"
CSI_DATA,69299,2023-11-13 21:28:54.902,1,stand,d4:da:21:98:07:d9,-29,11,0,0,0,0,0,0,0,0,0,-99,0,12,2,850804122,0,37,0,104,0,"[19, 8, 16, 6, 11, 6, 7, 6, 2, 8, -2, 10, -6, 13, -7, 15, -9, 19, -9, 22, -9, 25, -8, 26, -6, 24, -5, 24, -4, 21, -5, 20, -6, 16, -9, 14, -12, 12, -15, 11, -18, 10, -22, 10, -24, 10, -27, 10, -26, 11, -24, 10, -17, 5, -13, 2, -9, -3, -6, -7, -5, -12, -4, -16, -4, -19, -5, -20, -8, -21, -9, -21, -11, -19, -11, -15, -11, -9, -10, -6, -9, -1, -6, 2, -3, 5, 0, 6, 4, 7, 7, 6, 9, 5, 10, 3, 10, 1, 9, -2, 8, -4, 5, -6]"
CSI_DATA,69300,2023-11-13 21:28:54.918,1,stand,d4:da:21:98:07:d9,-29,11,0,0,0,0,0,0,0,0,0,-99,0,12,2,850816120,0,37,0,104,0,"[18, 3, 15, 2, 11, 3, 7, 4, 3, 6, 0, 9, -2, 12, -3, 15, -3, 18, -3, 21, -3, 23, -2, 24, 0, 22, 1, 22, 1, 19, 0, 18, -2, 15, -4, 14, -7, 12, -11, 12, -13, 12, -17, 13, -18, 14, -21, 15, -21, 15, -19, 14, -14, 8, -11, 4, -9, 0, -7, -5, -7, -9, -7, -13, -8, -15, -10, -16, -12, -16, -13, -16, -14, -13, -13, -10, -12, -6, -10, -2, -7, 1, -4, 3, -1, 5, 2, 5, 5, 5, 8, 3, 9, 1, 9, -1, 9, -3, 8, -4, 6, -6, 3, -6]"
CSI_DATA,69301,2023-11-13 21:28:54.933,1,stand,d4:da:21:98:07:d9,-29,11,0,0,0,0,0,0,0,0,0,-99,0,12,2,850832506,0,37,0,104,0,"[-17, 4, -14, 3, -11, 1, -9, -1, -6, -5, -5, -8, -4, -12, -4, -14, -5, -17, -6, -19, -7, -22, -9, -21, -9, -19, -10, -19, -9, -17, -7, -16, -5, -15, -3, -14, 0, -14, 3, -15, 5, -16, 8, -18, 9, -19, 11, -21, 10, -21, 9, -19, 7, -13, 7, -8, 6, -4, 7, 1, 9, 5, 10, 7, 12, 9, 13, 9, 15, 9, 15, 7, 15, 5, 13, 2, 11, -1, 9, -3, 5, -4, 1, -5, -2, -5, -5, -4, -7, -3, -8, -1, -9, 1, -9, 3, -8, 5, -6, 6, -4, 6, -1, 6]"
CSI_DATA,69302,2023-11-13 21:28:54.949,1,stand,d4:da:21:98:07:d9,-29,11,0,0,0,0,0,0,0,0,0,-99,0,12,2,850844890,0,37,0,104,0,"[-18, -8, -15, -7, -11, -7, -7, -7, -2, -8, 2, -10, 5, -12, 6, -15, 8, -18, 8, -20, 9, -23, 8, -24, 6, -22, 5, -22, 4, -20, 5, -18, 6, -15, 8, -13, 10, -10, 14, -9, 16, -8, 20, -8, 21, -8, 24, -8, 24, -8, 22, -8, 15, -4, 11, -1, 7, 2, 4, 6, 2, 10, 1, 14, 0, 16, 1, 18, 3, 19, 4, 18, 6, 17, 7, 13, 8, 9, 8, 6, 6, 1, 5, -2, 3, -5, 0, -7, -3, -8, -6, -8, -8, -7, -9, -5, -10, -3, -10, -1, -8, 1, -7, 3]"
CSI_DATA,69303,2023-11-13 21:28:54.964,1,stand,d4:da:21:98:07:d9,-29,11,0,0,0,0,0,0,0,0,0,-99,0,12,2,850856651,0,37,0,104,0,"[18, -9, 14, -7, 12, -4, 9, -1, 6, 3, 5, 8, 5, 11, 5, 14, 7, 18, 8, 20, 10, 22, 11, 22, 12, 19, 12, 19, 11, 17, 9, 16, 6, 15, 3, 14, -1, 15, -4, 16, -6, 18, -9, 20, -10, 21, -11, 24, -11, 23, -10, 22, -9, 14, -8, 9, -8, 3, -9, -2, -10, -6, -12, -9, -14, -11, -16, -12, -18, -11, -18, -9, -18, -7, -16, -4, -14, -1, -11, 2, -7, 4, -3, 5, 1, 5, 4, 4, 7, 3, 9, 0, 9, -2, 9, -4, 8, -6, 6, -7, 3, -8, 1, -8]"
CSI_DATA,69304,2023-11-13 21:28:54.964,1,stand,d4:da:21:98:07:d9,-29,11,0,0,0,0,0,0,0,0,0,-99,0,12,2,850864123,0,37,0,104,0,"[14, -17, 12, -14, 10, -10, 9, -5, 8, 0, 9, 5, 11, 9, 13, 12, 16, 15, 18, 16, 21, 17, 22, 16, 22, 14, 22, 13, 19, 11, 17, 12, 14, 12, 10, 13, 7, 15, 4, 18, 3, 21, 1, 25, 1, 26, 0, 29, 1, 29, 1, 27, -1, 18, -4, 13, -6, 7, -10, 2, -13, -1, -17, -3, -20, -4, -22, -4, -23, -2, -23, 0, -22, 2, -18, 5, -14, 6, -10, 7, -4, 7, 0, 6, 4, 4, 7, 2, 9, -2, 9, -5, 8, -7, 7, -9, 5, -10, 2, -11, -1, -10, -3, -8]"
CSI_DATA,69305,2023-11-13 21:28:54.980,1,stand,d4:da:21:98:07:d9,-29,11,0,0,0,0,0,0,0,0,0,-99,0,12,2,850876121,0,37,0,104,0,"[9, -17, 7, -14, 6, -10, 6, -6, 7, -2, 9, 2, 11, 5, 13, 7, 16, 9, 19, 9, 21, 10, 22, 9, 21, 7, 21, 6, 18, 5, 17, 6, 14, 6, 12, 8, 9, 11, 8, 14, 7, 16, 6, 20, 7, 21, 7, 24, 7, 24, 7, 22, 3, 15, 0, 11, -4, 7, -8, 4, -11, 2, -15, 1, -17, 1, -19, 2, -19, 4, -19, 5, -17, 7, -14, 8, -9, 8, -6, 8, -2, 6, 2, 4, 4, 2, 6, -1, 6, -4, 6, -6, 5, -8, 3, -10, 1, -10, -1, -10, -3, -8, -5, -6]"
CSI_DATA,69306,2023-11-13 21:28:54.996,1,stand,d4:da:21:98:07:d9,-29,11,0,0,0,0,0,0,0,0,0,-99,0,12,2,850884119,0,37,0,104,0,"[-18, 1, -14, 0, -12, -1, -8, -3, -5, -6, -3, -9, -2, -12, -1, -15, -2, -18, -2, -20, -3, -23, -4, -23, -6, -21, -6, -20, -5, -18, -4, -17, -2, -15, 1, -14, 4, -14, 7, -14, 9, -14, 12, -16, 13, -17, 15, -18, 15, -18, 14, -16, 10, -10, 9, -6, 7, -2, 6, 3, 6, 7, 7, 10, 8, 12, 10, 13, 11, 13, 12, 12, 13, 10, 12, 7, 10, 3, 9, 0, 6, -2, 3, -4, 0, -6, -3, -6, -6, -5, -8, -4, -9, -2, -10, 0, -9, 2, -8, 4, -6, 5, -3, 5]"
CSI_DATA,69307,2023-11-13 21:28:54.996,1,stand,d4:da:21:98:07:d9,-29,11,0,0,0,0,0,0,0,0,0,-99,0,12,2,850896131,0,37,0,104,0,"[-17, -15, -14, -12, -10, -10, -5, -9, 0, -9, 5, -10, 9, -12, 11, -14, 14, -16, 15, -19, 16, -22, 15, -23, 13, -23, 12, -23, 10, -20, 11, -18, 11, -15, 12, -12, 14, -9, 18, -6, 20, -4, 23, -3, 25, -3, 29, -2, 28, -2, 26, -2, 17, 0, 12, 2, 7, 5, 3, 9, 0, 12, -3, 16, -3, 18, -3, 20, -1, 21, 1, 21, 3, 20, 5, 16, 6, 12, 7, 8, 7, 3, 6, -1, 3, -5, 1, -8, -2, -9, -5, -9, -8, -9, -9, -7, -10, -5, -11, -2, -10, 0, -8, 3]"
CSI_DATA,69308,2023-11-13 21:28:55.011,1,stand,d4:da:21:98:07:d9,-29,11,0,0,0,0,0,0,0,0,0,-99,0,12,2,850905778,0,37,0,104,0,"[10, 14, 8, 12, 5, 10, 2, 8, -3, 6, -6, 6, -10, 7, -13, 8, -15, 10, -18, 12, -19, 14, -18, 15, -16, 15, -15, 15, -13, 13, -14, 12, -12, 9, -13, 6, -14, 3, -16, 1, -18, -1, -21, -3, -23, -3, -24, -5, -24, -5, -22, -4, -15, -4, -11, -5, -6, -6, -1, -9, 2, -11, 4, -13, 5, -16, 5, -17, 4, -19, 3, -19, 1, -18, -2, -15, -4, -12, -5, -9, -6, -5, -6, -1, -5, 3, -3, 5, -1, 7, 2, 8, 4, 7, 6, 7, 7, 5, 7, 3, 7, 1, 6, -2]"
CSI_DATA,69309,2023-11-13 21:28:55.027,1,stand,d4:da:21:98:07:d9,-29,11,0,0,0,0,0,0,0,0,0,-99,0,12,2,850916119,0,37,0,104,0,"[9, 15, 7, 12, 4, 10, 1, 8, -3, 6, -7, 6, -11, 6, -13, 7, -16, 8, -18, 10, -19, 12, -19, 13, -17, 13, -16, 14, -14, 12, -14, 10, -13, 8, -13, 5, -14, 2, -16, 0, -18, -2, -20, -4, -22, -5, -24, -6, -24, -6, -22, -5, -15, -5, -10, -6, -5, -7, -1, -8, 2, -11, 5, -13, 6, -15, 6, -16, 5, -18, 3, -18, 2, -18, -1, -15, -3, -12, -5, -9, -5, -5, -5, -1, -5, 2, -3, 5, -1, 7, 1, 8, 3, 7, 5, 7, 7, 5, 7, 3, 7, 1, 6, -1]"
CSI_DATA,69310,2023-11-13 21:28:55.027,1,stand,d4:da:21:98:07:d9,-29,11,0,0,0,0,0,0,0,0,0,-99,0,12,2,850928118,0,37,0,104,0,"[12, 13, 9, 10, 6, 9, 3, 7, -2, 7, -6, 7, -9, 8, -11, 10, -14, 12, -15, 14, -16, 16, -16, 17, -13, 17, -13, 17, -11, 15, -11, 13, -11, 11, -12, 8, -13, 5, -16, 3, -18, 1, -21, -1, -22, 0, -25, -2, -24, -2, -23, -1, -16, -2, -11, -4, -6, -5, -2, -8, 1, -11, 3, -14, 4, -16, 3, -17, 2, -19, 0, -19, -2, -18, -4, -15, -5, -11, -6, -8, -6, -4, -6, 0, -4, 3, -2, 5, 0, 7, 2, 7, 4, 7, 6, 6, 7, 4, 8, 2, 7, 0, 6, -2]"
CSI_DATA,69311,2023-11-13 21:28:55.058,1,stand,d4:da:21:98:07:d9,-29,11,0,0,0,0,0,0,0,0,0,-99,0,12,2,850948126,0,37,0,104,0,"[15, -16, 12, -13, 11, -9, 9, -4, 8, 1, 8, 5, 10, 10, 12, 12, 14, 15, 17, 17, 20, 18, 21, 17, 20, 15, 21, 14, 18, 12, 16, 13, 13, 12, 9, 13, 6, 15, 3, 18, 1, 20, -1, 24, -1, 26, -2, 29, -2, 28, -1, 26, -3, 17, -5, 12, -7, 7, -10, 2, -13, -2, -16, -4, -19, -6, -21, -5, -22, -4, -23, -2, -22, 0, -18, 3, -14, 5, -10, 6, -5, 6, -1, 6, 3, 4, 6, 2, 8, -1, 9, -4, 9, -6, 8, -9, 6, -10, 3, -10, 0, -10, -2, -8]"
CSI_DATA,69312,2023-11-13 21:28:55.075,1,stand,d4:da:21:98:07:d9,-29,11,0,0,0,0,0,0,0,0,0,-99,0,12,2,850968183,0,37,0,104,0,"[14, 10, 12, 9, 8, 7, 4, 7, 0, 7, -4, 8, -7, 10, -9, 12, -11, 14, -12, 16, -13, 19, -12, 20, -10, 19, -9, 19, -8, 17, -8, 15, -9, 13, -10, 10, -12, 8, -15, 7, -17, 6, -20, 5, -21, 5, -24, 4, -24, 4, -22, 5, -16, 2, -11, -1, -8, -4, -4, -7, -2, -11, -1, -14, -1, -17, -2, -18, -4, -19, -5, -18, -6, -17, -8, -14, -8, -10, -8, -6, -7, -2, -6, 1, -3, 4, 0, 5, 3, 6, 5, 6, 7, 5, 8, 3, 9, 1, 8, -1, 7, -3, 5, -4]"
CSI_DATA,69313,2023-11-13 21:28:55.090,1,stand,d4:da:21:98:07:d9,-29,11,0,0,0,0,0,0,0,0,0,-99,0,12,2,850984207,0,37,0,104,0,"[-5, -19, -3, -15, -1, -12, 1, -9, 5, -6, 8, -4, 12, -4, 15, -4, 18, -4, 20, -5, 23, -7, 22, -8, 20, -9, 20, -9, 17, -8, 17, -7, 15, -5, 14, -2, 14, 2, 15, 5, 16, 8, 18, 10, 19, 11, 21, 13, 20, 13, 19, 12, 12, 9, 7, 8, 2, 7, -3, 7, -7, 8, -10, 10, -12, 11, -13, 13, -13, 14, -11, 15, -9, 16, -6, 14, -2, 12, 0, 10, 3, 6, 4, 2, 5, -1, 4, -5, 3, -7, 1, -9, -1, -10, -3, -10, -5, -9, -6, -7, -7, -5, -7, -3]"
CSI_DATA,69314,2023-11-13 21:28:55.106,1,stand,d4:da:21:98:07:d9,-29,11,0,0,0,0,0,0,0,0,0,-99,0,12,2,850996224,0,37,0,104,0,"[16, -9, 13, -7, 11, -4, 8, -1, 6, 3, 5, 7, 5, 11, 6, 13, 7, 16, 9, 18, 10, 20, 12, 19, 12, 17, 12, 17, 11, 15, 9, 15, 6, 13, 3, 13, 0, 14, -3, 15, -5, 17, -7, 19, -8, 20, -10, 22, -10, 22, -9, 20, -7, 13, -7, 8, -7, 3, -8, -1, -10, -5, -12, -8, -14, -10, -15, -10, -17, -9, -17, -8, -17, -6, -15, -3, -12, 0, -10, 2, -6, 4, -2, 4, 1, 4, 4, 4, 7, 2, 8, 0, 8, -2, 8, -4, 7, -6, 5, -7, 3, -8, 0, -7]"
CSI_DATA,69315,2023-11-13 21:28:55.106,1,stand,d4:da:21:98:07:d9,-29,11,0,0,0,0,0,0,0,0,0,-99,0,12,2,851004249,0,37,0,104,0,"[16, -15, 13, -12, 11, -8, 9, -4, 8, 1, 8, 6, 10, 10, 11, 13, 14, 16, 16, 18, 19, 19, 20, 18, 20, 15, 20, 15, 18, 13, 16, 13, 12, 12, 9, 14, 5, 15, 3, 18, 1, 20, -1, 24, -1, 26, -2, 29, -2, 28, -2, 26, -3, 17, -4, 12, -7, 6, -10, 1, -13, -2, -16, -4, -19, -5, -21, -5, -22, -3, -23, -2, -22, 1, -18, 3, -13, 5, -10, 6, -4, 7, 0, 6, 4, 4, 7, 2, 9, -1, 9, -4, 9, -7, 7, -9, 5, -10, 3, -10, 0, -10, -3, -8]"
CSI_DATA,69316,2023-11-13 21:28:55.122,1,stand,d4:da:21:98:07:d9,-29,11,0,0,0,0,0,0,0,0,0,-99,0,12,2,851016241,0,37,0,104,0,"[9, -20, 8, -16, 8, -11, 8, -7, 8, -2, 10, 3, 13, 6, 15, 9, 18, 10, 21, 10, 25, 10, 25, 10, 24, 7, 24, 6, 21, 6, 19, 7, 16, 8, 13, 10, 10, 13, 9, 16, 7, 19, 7, 23, 8, 24, 8, 27, 8, 27, 7, 25, 3, 17, 0, 12, -4, 8, -9, 4, -13, 2, -17, 1, -20, 0, -21, 1, -22, 3, -22, 5, -20, 7, -16, 8, -11, 9, -7, 9, -2, 7, 2, 5, 5, 3, 7, -1, 8, -4, 8, -7, 7, -9, 5, -11, 2, -11, 0, -11, -3, -10, -5, -8]"
CSI_DATA,69317,2023-11-13 21:28:55.136,1,stand,d4:da:21:98:07:d9,-29,11,0,0,0,0,0,0,0,0,0,-99,0,12,2,851025293,0,37,0,104,0,"[15, -13, 12, -11, 10, -7, 9, -3, 8, 2, 7, 6, 8, 10, 10, 12, 12, 15, 14, 17, 17, 18, 18, 18, 17, 15, 17, 14, 15, 12, 14, 13, 10, 12, 7, 13, 4, 14, 2, 17, -1, 19, -3, 22, -3, 24, -4, 26, -4, 26, -3, 23, -4, 15, -5, 11, -7, 5, -9, 1, -12, -3, -15, -5, -17, -7, -19, -6, -20, -5, -21, -3, -20, -1, -17, 1, -13, 4, -9, 5, -5, 6, -1, 5, 3, 4, 6, 2, 8, 0, 9, -3, 9, -5, 8, -7, 6, -9, 3, -9, 1, -9, -2, -8]"
CSI_DATA,69318,2023-11-13 21:28:55.138,1,stand,d4:da:21:98:07:d9,-29,11,0,0,0,0,0,0,0,0,0,-99,0,12,2,851036234,0,37,0,104,0,"[-16, 8, -14, 7, -11, 4, -9, 1, -7, -4, -7, -7, -7, -11, -8, -14, -10, -16, -12, -18, -13, -20, -15, -19, -15, -17, -15, -16, -13, -14, -12, -14, -9, -13, -6, -14, -3, -15, 0, -17, 2, -18, 4, -21, 4, -22, 6, -24, 6, -24, 5, -22, 5, -15, 5, -10, 6, -5, 7, -1, 10, 3, 12, 5, 14, 7, 16, 6, 17, 6, 18, 4, 17, 2, 14, -1, 11, -3, 8, -5, 4, -6, 0, -6, -4, -5, -6, -3, -8, -1, -9, 1, -9, 3, -8, 5, -7, 7, -5, 7, -2, 7, 0, 6]"
CSI_DATA,69319,2023-11-13 21:28:55.154,1,stand,d4:da:21:98:07:d9,-29,11,0,0,0,0,0,0,0,0,0,-99,0,12,2,851044265,0,37,0,104,0,"[-18, 10, -15, 8, -12, 5, -10, 1, -9, -4, -8, -8, -9, -12, -10, -15, -12, -18, -14, -20, -16, -21, -18, -21, -18, -18, -18, -18, -15, -15, -13, -15, -10, -15, -7, -15, -4, -16, -1, -19, 1, -21, 4, -23, 4, -25, 5, -28, 5, -27, 4, -25, 4, -17, 5, -11, 6, -6, 8, -1, 11, 3, 14, 6, 16, 7, 18, 6, 20, 5, 20, 4, 19, 1, 16, -2, 13, -4, 9, -6, 4, -6, 0, -6, -4, -5, -7, -4, -9, -1, -10, 2, -10, 4, -9, 6, -7, 8, -5, 9, -2, 8, 0, 7]"
CSI_DATA,69320,2023-11-13 21:28:55.170,1,stand,d4:da:21:98:07:d9,-29,11,0,0,0,0,0,0,0,0,0,-99,0,12,2,851060485,0,37,0,104,0,"[15, 13, 12, 10, 8, 9, 4, 8, -1, 8, -6, 9, -10, 10, -12, 13, -14, 15, -16, 18, -16, 20, -16, 21, -13, 20, -13, 20, -11, 18, -12, 16, -11, 12, -13, 10, -15, 7, -18, 4, -20, 3, -24, 1, -26, 1, -28, 0, -28, 0, -25, 0, -17, -1, -13, -3, -7, -6, -3, -9, 0, -12, 2, -16, 3, -18, 2, -20, 1, -22, -1, -22, -3, -20, -5, -17, -7, -12, -7, -9, -7, -4, -6, 0, -5, 4, -2, 7, 1, 8, 4, 9, 6, 8, 8, 7, 9, 5, 9, 2, 9, 0, 7, -3]"
CSI_DATA,69321,2023-11-13 21:28:55.185,1,stand,d4:da:21:98:07:d9,-29,11,0,0,0,0,0,0,0,0,0,-99,0,12,2,851084405,0,37,0,104,0,"[-2, 17, -2, 14, -3, 11, -5, 7, -7, 3, -10, 1, -13, -1, -15, -2, -19, -2, -21, -2, -23, -1, -24, 0, -22, 1, -22, 2, -19, 2, -18, 0, -15, -1, -14, -4, -13, -7, -13, -10, -13, -13, -13, -16, -14, -18, -15, -20, -15, -20, -14, -18, -9, -13, -5, -11, 0, -8, 4, -6, 8, -7, 11, -7, 14, -7, 15, -9, 15, -10, 14, -12, 12, -12, 8, -12, 5, -11, 2, -9, -2, -7, -4, -4, -6, -1, -6, 2, -6, 5, -4, 7, -3, 9, -1, 9, 1, 9, 3, 8, 4, 6, 5, 3]"
CSI_DATA,69322,2023-11-13 21:28:55.201,1,stand,d4:da:21:98:07:d9,-29,11,0,0,0,0,0,0,0,0,0,-99,0,12,2,851096225,0,37,0,104,0,"[-8, 15, -7, 12, -7, 9, -7, 5, -8, 1, -10, -3, -12, -5, -14, -7, -17, -8, -20, -9, -22, -9, -22, -8, -21, -6, -21, -5, -18, -4, -17, -6, -14, -6, -12, -8, -10, -11, -9, -14, -8, -17, -7, -19, -8, -21, -8, -24, -8, -23, -7, -21, -4, -15, -1, -11, 2, -8, 6, -5, 10, -3, 13, -2, 15, -2, 16, -3, 17, -5, 17, -6, 16, -7, 12, -8, 8, -8, 4, -8, 1, -7, -3, -5, -5, -2, -7, 1, -7, 3, -7, 6, -6, 7, -4, 8, -2, 9, 0, 8, 2, 7, 3, 5]"
CSI_DATA,69323,2023-11-13 21:28:55.201,1,stand,d4:da:21:98:07:d9,-29,11,0,0,0,0,0,0,0,0,0,-99,0,12,2,851104233,0,37,0,104,0,"[20, 7, 16, 5, 12, 6, 7, 7, 2, 8, -2, 11, -5, 15, -7, 17, -9, 21, -8, 24, -8, 27, -7, 28, -4, 26, -4, 26, -3, 22, -5, 21, -6, 17, -9, 14, -12, 12, -16, 11, -19, 10, -24, 10, -26, 11, -29, 12, -28, 12, -26, 11, -18, 6, -14, 2, -10, -3, -7, -8, -5, -12, -5, -17, -5, -20, -6, -21, -8, -22, -10, -21, -11, -19, -12, -15, -11, -10, -11, -6, -8, -1, -6, 3, -2, 6, 1, 7, 5, 8, 8, 7, 10, 5, 11, 3, 12, 1, 10, -2, 9, -5, 6, -6]"
CSI_DATA,69324,2023-11-13 21:28:55.230,1,stand,d4:da:21:98:07:d9,-29,11,0,0,0,0,0,0,0,0,0,-99,0,12,2,851120143,0,37,0,104,0,"[-16, 8, -13, 6, -11, 3, -8, 0, -7, -4, -6, -8, -6, -12, -7, -14, -9, -17, -11, -19, -13, -20, -14, -19, -14, -17, -14, -17, -13, -15, -10, -14, -8, -13, -5, -13, -1, -14, 2, -16, 4, -18, 7, -20, 7, -22, 8, -23, 8, -23, 7, -22, 6, -15, 6, -10, 6, -5, 7, 0, 9, 4, 11, 7, 12, 9, 14, 9, 15, 8, 16, 7, 16, 4, 14, 2, 11, -1, 9, -3, 4, -4, 1, -5, -3, -5, -6, -4, -8, -3, -9, -1, -10, 2, -9, 3, -8, 5, -6, 6, -4, 7, -2, 6]"
CSI_DATA,69325,2023-11-13 21:28:55.249,1,stand,d4:da:21:98:07:d9,-29,11,0,0,0,0,0,0,0,0,0,-99,0,12,2,851136122,0,37,0,104,0,"[-20, -2, -17, -2, -12, -3, -8, -5, -4, -8, -1, -11, 1, -14, 2, -17, 3, -21, 2, -24, 1, -27, 0, -27, -2, -25, -2, -25, -2, -21, 0, -20, 1, -17, 4, -15, 8, -13, 12, -12, 15, -12, 19, -12, 21, -14, 24, -14, 24, -14, 21, -13, 15, -8, 12, -4, 8, 0, 6, 5, 4, 10, 4, 14, 4, 16, 5, 18, 7, 19, 9, 18, 10, 16, 10, 12, 10, 8, 9, 4, 6, 0, 4, -3, 1, -6, -2, -8, -5, -8, -8, -7, -10, -6, -11, -4, -11, -2, -10, 1, -9, 3, -6, 4]"
CSI_DATA,69326,2023-11-13 21:28:55.249,1,stand,d4:da:21:98:07:d9,-29,11,0,0,0,0,0,0,0,0,0,-99,0,12,2,851144124,0,37,0,104,0,"[6, 16, 4, 13, 2, 10, -1, 7, -5, 5, -9, 3, -12, 3, -15, 3, -18, 4, -20, 6, -22, 8, -22, 9, -20, 9, -19, 10, -17, 8, -16, 6, -14, 4, -14, 1, -13, -3, -14, -6, -16, -9, -17, -12, -19, -13, -21, -15, -21, -15, -19, -13, -12, -10, -8, -9, -3, -8, 2, -7, 6, -8, 9, -9, 12, -10, 12, -11, 12, -13, 11, -14, 9, -15, 6, -13, 2, -11, 0, -10, -3, -6, -5, -3, -6, 0, -6, 3, -5, 6, -3, 8, -2, 9, 0, 9, 2, 9, 4, 7, 5, 5, 5, 2]"
CSI_DATA,69327,2023-11-13 21:28:55.265,1,stand,d4:da:21:98:07:d9,-29,11,0,0,0,0,0,0,0,0,0,-99,0,12,2,851156130,0,37,0,104,0,"[-2, 18, -2, 14, -3, 11, -4, 7, -7, 3, -10, 0, -13, -2, -16, -2, -19, -3, -22, -3, -24, -2, -25, -1, -23, 1, -23, 1, -20, 1, -18, -1, -15, -2, -14, -5, -12, -8, -11, -12, -11, -15, -11, -18, -12, -20, -12, -23, -12, -23, -12, -21, -7, -15, -4, -12, 0, -8, 5, -5, 9, -4, 12, -3, 15, -4, 16, -5, 17, -6, 16, -8, 15, -9, 11, -9, 7, -9, 4, -9, 0, -7, -3, -5, -6, -3, -7, 0, -8, 3, -7, 6, -6, 7, -4, 9, -2, 9, 0, 8, 2, 7, 3, 5]"
CSI_DATA,69328,2023-11-13 21:28:55.265,1,stand,d4:da:21:98:07:d9,-29,11,0,0,0,0,0,0,0,0,0,-99,0,12,2,851164123,0,37,0,104,0,"[10, -20, 8, -16, 8, -12, 8, -7, 9, -1, 10, 4, 13, 7, 16, 9, 18, 11, 22, 13, 25, 13, 26, 12, 25, 9, 25, 9, 21, 7, 19, 8, 15, 9, 12, 11, 8, 13, 6, 17, 4, 20, 2, 24, 3, 27, 2, 30, 2, 30, 2, 27, 0, 19, -2, 13, -5, 7, -8, 3, -12, -1, -16, -3, -18, -5, -21, -4, -22, -3, -22, -1, -21, 2, -18, 4, -13, 5, -9, 7, -4, 6, 0, 6, 5, 5, 7, 2, 9, -1, 10, -4, 10, -6, 8, -8, 6, -10, 3, -10, 1, -10, -2, -8]"
CSI_DATA,69329,2023-11-13 21:28:55.280,1,stand,d4:da:21:98:07:d9,-29,11,0,0,0,0,0,0,0,0,0,-99,0,12,2,851176122,0,37,0,104,0,"[8, -17, 7, -13, 6, -10, 6, -6, 7, -2, 8, 2, 11, 6, 13, 7, 16, 9, 18, 10, 20, 10, 22, 9, 20, 7, 20, 6, 17, 5, 16, 6, 13, 6, 10, 8, 7, 10, 5, 14, 4, 16, 3, 19, 3, 22, 3, 24, 3, 24, 3, 22, 1, 15, 0, 11, -3, 6, -6, 3, -9, 0, -12, -2, -15, -3, -17, -2, -18, -1, -18, 1, -17, 2, -14, 4, -10, 5, -7, 6, -3, 6, 0, 5, 3, 4, 5, 1, 7, -1, 7, -3, 7, -5, 6, -7, 4, -8, 2, -8, 0, -8, -2, -7]"
CSI_DATA,69330,2023-11-13 21:28:55.296,1,stand,d4:da:21:98:07:d9,-28,11,0,0,0,0,0,0,0,0,0,-99,0,12,2,851188124,0,37,0,104,0,"[11, -20, 9, -16, 8, -12, 8, -7, 9, -1, 11, 3, 14, 7, 17, 9, 20, 10, 23, 11, 26, 12, 27, 10, 26, 7, 26, 6, 22, 5, 21, 6, 17, 6, 13, 9, 11, 12, 9, 16, 8, 19, 7, 23, 8, 26, 8, 29, 8, 29, 8, 27, 5, 19, 2, 15, -2, 10, -6, 6, -11, 4, -14, 2, -18, 2, -20, 3, -21, 5, -21, 7, -19, 8, -15, 10, -10, 10, -7, 10, -2, 8, 1, 6, 5, 3, 7, 0, 7, -4, 7, -6, 6, -9, 3, -10, 1, -11, -1, -10, -4, -9, -6, -6]"
CSI_DATA,69331,2023-11-13 21:28:55.312,1,stand,d4:da:21:98:07:d9,-28,11,0,0,0,0,0,0,0,0,0,-99,0,12,2,851204130,0,37,0,104,0,"[0, 17, 0, 14, -2, 10, -4, 7, -7, 4, -10, 1, -14, 0, -17, 0, -20, 0, -22, 2, -25, 3, -25, 5, -22, 6, -22, 7, -19, 6, -18, 5, -15, 3, -14, 0, -14, -3, -14, -7, -15, -10, -16, -13, -18, -14, -20, -17, -20, -16, -19, -15, -14, -12, -9, -10, -5, -9, 0, -8, 4, -9, 7, -10, 9, -11, 10, -13, 10, -15, 9, -16, 7, -16, 4, -14, 1, -12, -1, -10, -3, -7, -4, -4, -5, 0, -4, 3, -3, 5, -1, 7, 1, 7, 3, 7, 5, 6, 6, 4, 6, 3, 6, 0]"
CSI_DATA,69332,2023-11-13 21:28:55.328,1,stand,d4:da:21:98:07:d9,-28,11,0,0,0,0,0,0,0,0,0,-99,0,12,2,851216128,0,37,0,104,0,"[1, 17, 1, 14, 0, 10, -3, 7, -6, 4, -10, 2, -13, 1, -16, 1, -20, 2, -22, 3, -24, 5, -24, 7, -22, 8, -21, 9, -18, 9, -17, 7, -15, 5, -14, 2, -14, -1, -15, -4, -16, -7, -18, -10, -19, -11, -21, -13, -22, -13, -21, -12, -15, -10, -11, -9, -6, -9, -2, -9, 2, -11, 5, -12, 6, -14, 7, -15, 6, -17, 5, -17, 3, -17, 1, -15, -1, -12, -3, -9, -4, -5, -4, -2, -4, 1, -3, 4, 0, 6, 2, 7, 4, 7, 5, 6, 7, 4, 7, 3, 7, 0, 6, -2]"
CSI_DATA,69333,2023-11-13 21:28:55.328,1,stand,d4:da:21:98:07:d9,-29,11,0,0,0,0,0,0,0,0,0,-99,0,12,2,851224241,0,37,0,104,0,"[12, 13, 10, 10, 6, 8, 2, 7, -2, 6, -6, 7, -10, 8, -12, 10, -15, 13, -16, 16, -16, 18, -15, 20, -13, 19, -12, 20, -10, 17, -10, 16, -9, 13, -11, 10, -12, 7, -15, 5, -17, 3, -21, 2, -23, 2, -25, 2, -26, 2, -24, 2, -18, 0, -14, -2, -10, -5, -6, -8, -4, -11, -3, -14, -3, -16, -3, -18, -5, -19, -6, -18, -7, -17, -8, -13, -8, -9, -8, -6, -6, -3, -4, 1, -2, 3, 1, 4, 4, 5, 6, 4, 8, 3, 9, 1, 9, 0, 8, -3, 7, -4, 4, -5]"
CSI_DATA,69334,2023-11-13 21:28:55.344,1,stand,d4:da:21:98:07:d9,-29,11,0,0,0,0,0,0,0,0,0,-99,0,12,2,851236171,0,37,0,104,0,"[-15, 16, -12, 13, -10, 9, -9, 4, -8, -2, -9, -7, -11, -11, -14, -13, -17, -16, -20, -17, -23, -18, -25, -17, -24, -14, -24, -13, -22, -11, -20, -11, -16, -11, -13, -12, -9, -14, -7, -17, -6, -20, -4, -24, -4, -26, -3, -29, -3, -29, -3, -27, 0, -20, 2, -15, 5, -10, 9, -6, 13, -4, 16, -2, 19, -2, 20, -3, 21, -4, 21, -6, 19, -7, 15, -9, 10, -9, 6, -9, 2, -7, -2, -5, -5, -3, -7, 1, -8, 4, -7, 7, -6, 9, -4, 10, -2, 11, 0, 10, 3, 8, 4, 6]"
CSI_DATA,69335,2023-11-13 21:28:55.355,1,stand,d4:da:21:98:07:d9,-29,11,0,0,0,0,0,0,0,0,0,-99,0,12,2,851244129,0,37,0,104,0,"[-19, -10, -16, -9, -11, -7, -7, -7, -1, -8, 3, -10, 6, -13, 8, -16, 9, -20, 10, -22, 10, -25, 9, -26, 6, -25, 5, -26, 4, -23, 5, -20, 6, -18, 7, -15, 10, -12, 14, -11, 17, -10, 21, -10, 22, -10, 26, -10, 25, -10, 23, -10, 17, -5, 13, -2, 10, 3, 7, 7, 6, 12, 5, 15, 5, 18, 7, 18, 9, 19, 10, 18, 11, 16, 11, 12, 10, 7, 9, 3, 6, -1, 3, -4, 0, -6, -3, -7, -7, -6, -9, -5, -11, -4, -12, -1, -11, 1, -10, 3, -8, 5, -5, 6]"
CSI_DATA,69336,2023-11-13 21:28:55.360,1,stand,d4:da:21:98:07:d9,-29,11,0,0,0,0,0,0,0,0,0,-99,0,12,2,851256726,0,37,0,104,0,"[17, 3, 14, 2, 10, 3, 6, 4, 2, 5, -1, 8, -3, 11, -3, 14, -4, 17, -4, 19, -4, 22, -2, 22, -1, 21, 0, 21, 0, 18, -1, 17, -2, 15, -4, 12, -7, 11, -10, 11, -13, 11, -16, 11, -17, 12, -20, 12, -20, 12, -18, 11, -14, 7, -11, 3, -9, -1, -7, -6, -7, -9, -7, -12, -8, -15, -9, -15, -11, -15, -12, -14, -12, -13, -12, -9, -11, -6, -9, -3, -7, 1, -4, 3, -1, 4, 2, 4, 5, 4, 7, 3, 8, 1, 9, -1, 9, -2, 7, -4, 5, -6, 3, -6]"
CSI_DATA,69337,2023-11-13 21:28:55.376,1,stand,d4:da:21:98:07:d9,-29,11,0,0,0,0,0,0,0,0,0,-99,0,12,2,851264134,0,37,0,104,0,"[-1, 21, -1, 17, -3, 12, -5, 8, -8, 4, -11, 1, -15, -1, -18, -1, -22, -2, -25, -1, -28, 0, -28, 2, -26, 3, -26, 4, -22, 4, -21, 2, -19, 0, -16, -3, -16, -7, -15, -11, -16, -13, -17, -18, -18, -19, -19, -22, -19, -22, -18, -20, -11, -15, -6, -12, -1, -10, 4, -9, 9, -9, 13, -10, 15, -11, 16, -13, 16, -15, 15, -16, 13, -16, 8, -15, 4, -13, 1, -12, -2, -8, -5, -4, -6, 0, -6, 4, -5, 7, -3, 9, -2, 10, 1, 11, 3, 10, 5, 8, 6, 6, 7, 3]"
CSI_DATA,69338,2023-11-13 21:28:55.386,1,stand,d4:da:21:98:07:d9,-29,11,0,0,0,0,0,0,0,0,0,-99,0,12,2,851276131,0,37,0,104,0,"[5, 17, 3, 13, 1, 10, -2, 7, -5, 5, -9, 3, -13, 3, -15, 3, -19, 4, -21, 6, -23, 8, -22, 9, -20, 10, -19, 10, -17, 9, -16, 7, -14, 5, -14, 2, -14, -2, -15, -5, -16, -8, -18, -11, -19, -11, -21, -13, -21, -13, -20, -12, -13, -10, -9, -9, -4, -8, 1, -8, 4, -10, 8, -11, 10, -12, 10, -14, 10, -16, 9, -16, 7, -16, 3, -15, 1, -12, -2, -10, -3, -6, -5, -3, -5, 1, -4, 4, -3, 6, -1, 8, 1, 8, 3, 8, 5, 7, 6, 5, 6, 3, 6, 1]"
CSI_DATA,69339,2023-11-13 21:28:55.386,1,stand,d4:da:21:98:07:d9,-29,11,0,0,0,0,0,0,0,0,0,-99,0,12,2,851284184,0,37,0,104,0,"[-17, 8, -13, 6, -11, 3, -9, 0, -7, -4, -6, -8, -7, -12, -8, -14, -10, -17, -12, -19, -13, -20, -15, -20, -15, -17, -16, -16, -14, -14, -12, -13, -9, -12, -6, -13, -3, -14, -1, -16, 1, -18, 3, -20, 3, -22, 5, -24, 5, -24, 3, -22, 3, -16, 4, -11, 6, -7, 8, -3, 10, 0, 13, 2, 15, 3, 16, 3, 18, 2, 18, 0, 17, -1, 14, -3, 10, -5, 7, -6, 3, -6, -1, -5, -4, -3, -6, -1, -7, 2, -7, 4, -7, 6, -6, 7, -4, 8, -2, 8, 0, 7, 2, 6]"
CSI_DATA,69340,2023-11-13 21:28:55.396,1,stand,d4:da:21:98:07:d9,-29,11,0,0,0,0,0,0,0,0,0,-99,0,12,2,851297847,0,37,0,104,0,"[-17, 10, -15, 8, -12, 4, -9, 0, -7, -4, -7, -9, -7, -13, -9, -16, -11, -19, -13, -21, -16, -22, -17, -21, -17, -18, -18, -17, -16, -15, -13, -15, -11, -14, -7, -14, -4, -15, 0, -17, 1, -19, 4, -22, 4, -24, 6, -27, 6, -27, 5, -25, 5, -17, 6, -13, 7, -7, 9, -3, 12, 1, 14, 3, 17, 5, 18, 5, 19, 4, 20, 2, 19, 0, 16, -2, 12, -4, 8, -5, 4, -5, 0, -5, -4, -4, -6, -1, -8, 1, -9, 4, -8, 6, -7, 8, -6, 9, -3, 9, -1, 8, 1, 7]"
CSI_DATA,69341,2023-11-13 21:28:55.416,1,stand,d4:da:21:98:07:d9,-29,11,0,0,0,0,0,0,0,0,0,-99,0,12,2,851304451,0,37,0,104,0,"[16, -7, 13, -5, 10, -3, 8, 0, 5, 4, 4, 8, 4, 12, 4, 14, 6, 17, 8, 19, 10, 21, 11, 20, 12, 18, 12, 17, 11, 15, 9, 14, 6, 13, 3, 12, 0, 13, -3, 15, -5, 16, -8, 18, -8, 20, -10, 22, -10, 22, -9, 21, -8, 14, -8, 9, -8, 4, -9, 0, -11, -4, -13, -6, -15, -8, -17, -8, -18, -7, -18, -6, -18, -4, -15, -2, -12, 1, -9, 2, -5, 3, -1, 3, 2, 3, 5, 1, 7, -1, 8, -3, 8, -5, 7, -7, 5, -8, 4, -8, 1, -8, -1, -7]"
CSI_DATA,69342,2023-11-13 21:28:55.418,1,stand,d4:da:21:98:07:d9,-29,11,0,0,0,0,0,0,0,0,0,-99,0,12,2,851316423,0,37,0,104,0,"[-14, -13, -11, -10, -8, -9, -4, -8, 1, -7, 5, -8, 8, -10, 10, -12, 12, -14, 13, -17, 14, -19, 13, -20, 11, -20, 10, -20, 8, -17, 8, -16, 8, -13, 9, -10, 11, -7, 14, -5, 17, -4, 20, -3, 22, -3, 24, -2, 24, -2, 22, -2, 15, 0, 12, 1, 7, 4, 3, 7, 1, 10, -1, 13, -1, 16, -1, 17, 1, 18, 2, 18, 4, 17, 5, 13, 6, 9, 6, 6, 5, 2, 3, -1, 1, -4, -1, -6, -4, -7, -6, -7, -8, -6, -9, -5, -10, -3, -9, -1, -8, 1, -6, 3]"
CSI_DATA,69343,2023-11-13 21:28:55.431,1,stand,d4:da:21:98:07:d9,-29,11,0,0,0,0,0,0,0,0,0,-99,0,12,2,851324126,0,37,0,104,0,"[21, 5, 17, 4, 12, 4, 7, 5, 2, 7, -2, 10, -5, 14, -6, 17, -7, 21, -7, 24, -6, 28, -4, 28, -2, 26, -1, 26, 0, 22, -2, 21, -3, 18, -6, 15, -10, 14, -14, 13, -17, 13, -21, 13, -23, 14, -27, 15, -27, 15, -24, 14, -18, 8, -15, 4, -12, -1, -9, -7, -8, -12, -8, -16, -9, -19, -10, -20, -12, -21, -13, -20, -14, -17, -14, -13, -13, -8, -11, -4, -8, -1, -4, 3, 0, 5, 3, 6, 7, 5, 9, 4, 11, 2, 11, -1, 11, -3, 9, -5, 7, -6, 4, -7]"
CSI_DATA,69344,2023-11-13 21:28:55.431,1,stand,d4:da:21:98:07:d9,-29,11,0,0,0,0,0,0,0,0,0,-99,0,12,2,851336127,0,37,0,104,0,"[17, 0, 14, 0, 10, 1, 7, 2, 3, 5, 1, 8, -1, 12, -1, 14, 0, 18, 0, 19, 1, 22, 3, 22, 4, 20, 5, 20, 5, 17, 3, 16, 2, 14, -1, 13, -4, 12, -8, 13, -10, 13, -13, 15, -14, 16, -17, 17, -17, 18, -15, 17, -12, 11, -10, 6, -9, 1, -8, -3, -9, -7, -10, -10, -11, -12, -13, -13, -14, -13, -15, -11, -15, -10, -14, -6, -11, -3, -9, -1, -6, 1, -2, 3, 1, 4, 4, 3, 7, 2, 8, 0, 9, -2, 8, -4, 7, -6, 6, -7, 4, -7, 1, -7]"
CSI_DATA,69345,2023-11-13 21:28:55.449,1,stand,d4:da:21:98:07:d9,-29,11,0,0,0,0,0,0,0,0,0,-99,0,12,2,851344133,0,37,0,104,0,"[-5, -18, -4, -14, -2, -11, 0, -8, 4, -6, 8, -4, 12, -3, 14, -4, 17, -5, 20, -6, 22, -8, 21, -9, 19, -10, 18, -11, 16, -10, 15, -8, 13, -6, 13, -3, 13, 1, 14, 4, 16, 7, 18, 9, 19, 11, 21, 12, 21, 12, 19, 11, 13, 9, 8, 9, 3, 8, -2, 8, -6, 9, -9, 11, -11, 12, -11, 14, -11, 15, -10, 16, -7, 16, -4, 14, -1, 11, 1, 8, 2, 5, 3, 1, 3, -3, 2, -6, 1, -8, -1, -9, -3, -10, -5, -9, -6, -8, -8, -6, -8, -4, -7, -1]"
CSI_DATA,69346,2023-11-13 21:28:55.463,1,stand,d4:da:21:98:07:d9,-29,11,0,0,0,0,0,0,0,0,0,-99,0,12,2,851357160,0,37,0,104,0,"[0, -18, 0, -15, 1, -11, 3, -8, 5, -4, 8, -1, 12, 0, 14, 1, 18, 1, 20, 0, 23, -1, 23, -3, 21, -4, 20, -5, 18, -5, 17, -3, 14, -2, 13, 1, 12, 4, 12, 8, 13, 10, 14, 14, 15, 15, 16, 18, 16, 18, 15, 16, 9, 12, 5, 10, 1, 9, -4, 8, -8, 8, -12, 8, -14, 9, -14, 11, -14, 12, -13, 13, -11, 13, -8, 12, -4, 10, -2, 8, 1, 5, 3, 2, 4, -2, 3, -5, 3, -7, 1, -9, -1, -10, -3, -10, -4, -9, -6, -7, -7, -5, -7, -3]"
CSI_DATA,69347,2023-11-13 21:28:55.480,1,stand,d4:da:21:98:07:d9,-29,11,0,0,0,0,0,0,0,0,0,-99,0,12,2,851364182,0,37,0,104,0,"[6, -20, 5, -16, 5, -12, 6, -7, 7, -2, 10, 2, 13, 4, 16, 6, 19, 7, 22, 7, 25, 6, 26, 5, 25, 2, 24, 1, 21, 1, 19, 2, 16, 3, 14, 5, 12, 9, 11, 13, 11, 16, 10, 20, 11, 22, 12, 25, 12, 25, 12, 23, 6, 17, 2, 14, -2, 10, -7, 7, -12, 6, -15, 6, -18, 6, -20, 7, -20, 8, -19, 10, -17, 11, -13, 11, -8, 10, -5, 9, -1, 6, 2, 3, 4, 0, 6, -4, 5, -7, 4, -9, 3, -11, 1, -12, -2, -11, -4, -10, -6, -8, -6, -6]"
CSI_DATA,69348,2023-11-13 21:28:55.480,1,stand,d4:da:21:98:07:d9,-29,11,0,0,0,0,0,0,0,0,0,-99,0,12,2,851378940,0,37,0,104,0,"[-14, -12, -11, -10, -7, -8, -4, -7, 0, -7, 5, -8, 8, -9, 10, -11, 11, -14, 12, -16, 13, -19, 12, -20, 9, -19, 9, -20, 7, -17, 7, -16, 7, -13, 8, -10, 11, -8, 13, -6, 16, -5, 19, -4, 21, -4, 24, -3, 24, -3, 22, -3, 16, -1, 11, 1, 7, 4, 4, 7, 2, 10, 0, 13, 0, 15, 1, 17, 2, 18, 3, 17, 4, 16, 6, 13, 6, 9, 6, 6, 5, 2, 3, -2, 1, -4, -1, -6, -4, -7, -6, -7, -8, -6, -9, -4, -10, -2, -9, 0, -8, 2, -6, 3]"
CSI_DATA,69349,2023-11-13 21:28:55.495,1,stand,d4:da:21:98:07:d9,-29,11,0,0,0,0,0,0,0,0,0,-99,0,12,2,851388129,0,37,0,104,0,"[10, 16, 7, 13, 4, 10, 1, 8, -4, 6, -8, 5, -12, 6, -15, 7, -18, 9, -19, 12, -21, 14, -20, 16, -17, 16, -16, 17, -14, 15, -14, 13, -13, 10, -13, 7, -14, 3, -17, 0, -19, -2, -22, -4, -24, -5, -26, -6, -26, -6, -24, -5, -17, -6, -13, -7, -7, -8, -2, -10, 1, -12, 4, -14, 5, -17, 5, -19, 4, -20, 2, -20, 0, -19, -2, -16, -4, -13, -5, -10, -5, -5, -5, -1, -4, 3, -2, 5, 0, 7, 3, 8, 5, 8, 7, 7, 8, 5, 8, 2, 8, 0, 7, -2]"
CSI_DATA,69350,2023-11-13 21:28:55.511,1,stand,d4:da:21:98:07:d9,-29,11,0,0,0,0,0,0,0,0,0,-99,0,12,2,851408138,0,37,0,104,0,"[13, -15, 11, -12, 8, -8, 7, -4, 6, 1, 7, 6, 9, 9, 11, 12, 14, 14, 16, 15, 20, 16, 21, 15, 21, 12, 21, 11, 19, 9, 17, 9, 14, 9, 10, 10, 8, 12, 6, 15, 4, 18, 2, 21, 3, 23, 1, 27, 1, 27, 2, 25, 0, 17, -3, 13, -5, 9, -9, 4, -13, 2, -15, 0, -18, 0, -20, 0, -21, 1, -20, 3, -20, 5, -16, 6, -11, 7, -8, 7, -3, 6, 0, 4, 3, 2, 6, -1, 7, -4, 6, -7, 5, -9, 4, -10, 2, -11, 0, -10, -2, -9, -4, -7]"
CSI_DATA,69351,2023-11-13 21:28:55.526,1,stand,d4:da:21:98:07:d9,-29,11,0,0,0,0,0,0,0,0,0,-99,0,12,2,851424131,0,37,0,104,0,"[14, 11, 11, 9, 7, 8, 3, 6, -1, 6, -6, 7, -9, 8, -11, 10, -13, 13, -14, 16, -14, 19, -13, 20, -11, 20, -10, 20, -8, 18, -9, 16, -8, 14, -10, 11, -12, 8, -15, 6, -18, 5, -21, 3, -23, 4, -26, 3, -25, 3, -24, 3, -17, 1, -13, -2, -9, -4, -6, -8, -4, -11, -2, -14, -2, -17, -2, -18, -3, -19, -5, -19, -7, -18, -8, -14, -8, -10, -8, -7, -6, -3, -5, 1, -2, 3, 0, 5, 3, 6, 6, 6, 7, 5, 8, 3, 9, 1, 8, -1, 7, -3, 5, -4]"
CSI_DATA,69352,2023-11-13 21:28:55.543,1,stand,d4:da:21:98:07:d9,-29,11,0,0,0,0,0,0,0,0,0,-99,0,12,2,851436137,0,37,0,104,0,"[13, 12, 10, 10, 7, 8, 3, 6, -2, 6, -6, 6, -9, 8, -12, 10, -14, 12, -15, 15, -16, 18, -15, 19, -13, 19, -12, 20, -10, 17, -10, 16, -10, 13, -11, 10, -13, 7, -15, 5, -18, 3, -21, 2, -23, 2, -26, 1, -26, 1, -24, 1, -18, -1, -13, -3, -9, -5, -5, -8, -3, -12, -1, -14, 0, -17, -1, -19, -1, -20, -3, -20, -5, -18, -6, -15, -7, -11, -7, -8, -6, -3, -5, 0, -3, 3, 0, 5, 2, 6, 5, 6, 7, 5, 8, 4, 9, 2, 8, 0, 7, -2, 5, -4]"
CSI_DATA,69353,2023-11-13 21:28:55.558,1,stand,d4:da:21:98:07:d9,-29,11,0,0,0,0,0,0,0,0,0,-99,0,12,2,851452145,0,37,0,104,0,"[-19, -1, -15, -1, -11, -2, -8, -3, -4, -6, -1, -9, 0, -12, 1, -15, 0, -19, 0, -22, -1, -24, -3, -24, -5, -22, -6, -22, -6, -19, -5, -19, -3, -16, -1, -15, 3, -14, 6, -15, 8, -15, 12, -17, 14, -18, 16, -19, 16, -19, 14, -18, 11, -12, 10, -8, 8, -4, 8, 1, 9, 5, 10, 8, 11, 11, 12, 11, 14, 11, 15, 10, 15, 8, 14, 5, 11, 2, 9, 0, 5, -3, 2, -4, -2, -5, -5, -4, -7, -3, -9, -1, -9, 1, -9, 3, -8, 5, -6, 6, -4, 6, -2, 6]"
CSI_DATA,69354,2023-11-13 21:28:55.558,1,stand,d4:da:21:98:07:d9,-29,11,0,0,0,0,0,0,0,0,0,-99,0,12,2,851460488,0,37,0,104,0,"[16, -15, 13, -12, 10, -8, 8, -4, 7, 1, 6, 6, 8, 11, 10, 14, 12, 17, 15, 18, 18, 20, 20, 19, 20, 16, 21, 15, 19, 13, 17, 13, 14, 12, 10, 13, 7, 14, 4, 18, 1, 20, -1, 24, -1, 26, -2, 29, -2, 29, -1, 27, -3, 19, -5, 14, -7, 9, -10, 4, -13, 0, -17, -2, -20, -3, -21, -3, -23, -2, -23, 0, -22, 2, -18, 4, -13, 5, -9, 6, -5, 6, 0, 5, 3, 3, 6, 0, 8, -3, 8, -6, 7, -8, 6, -10, 4, -11, 1, -11, -2, -10, -4, -8]"
CSI_DATA,69355,2023-11-13 21:28:55.574,1,stand,d4:da:21:98:07:d9,-29,11,0,0,0,0,0,0,0,0,0,-99,0,12,2,851476129,0,37,0,104,0,"[-4, 19, -3, 15, -3, 11, -4, 7, -7, 2, -9, -1, -13, -3, -16, -4, -20, -5, -23, -4, -26, -4, -27, -2, -25, 0, -25, 1, -22, 2, -21, 1, -18, -1, -16, -3, -15, -6, -14, -10, -15, -13, -16, -17, -16, -19, -17, -22, -17, -22, -16, -21, -11, -16, -6, -13, -2, -11, 3, -9, 8, -9, 11, -9, 14, -10, 15, -12, 16, -13, 15, -14, 13, -15, 9, -14, 5, -12, 2, -10, -1, -7, -4, -4, -5, 0, -5, 3, -5, 6, -3, 8, -1, 10, 1, 10, 3, 9, 4, 7, 6, 5, 6, 3]"
CSI_DATA,69356,2023-11-13 21:28:55.590,1,stand,d4:da:21:98:07:d9,-29,11,0,0,0,0,0,0,0,0,0,-99,0,12,2,851484143,0,37,0,104,0,"[16, 11, 13, 8, 9, 7, 4, 6, 0, 6, -4, 7, -8, 9, -10, 12, -12, 15, -13, 18, -13, 21, -12, 22, -9, 21, -8, 22, -7, 19, -7, 18, -8, 15, -9, 12, -12, 9, -15, 8, -17, 7, -21, 6, -23, 6, -26, 5, -26, 5, -24, 6, -18, 3, -14, 0, -10, -3, -7, -7, -4, -11, -4, -14, -3, -17, -4, -18, -5, -20, -6, -19, -8, -18, -8, -14, -9, -10, -8, -7, -7, -2, -5, 1, -3, 4, 0, 5, 4, 6, 6, 5, 8, 4, 9, 2, 9, 0, 8, -1, 7, -4, 5, -5]"
CSI_DATA,69357,2023-11-13 21:28:55.605,1,stand,d4:da:21:98:07:d9,-29,11,0,0,0,0,0,0,0,0,0,-99,0,12,2,851496134,0,37,0,104,0,"[16, -10, 13, -8, 10, -5, 7, -2, 5, 2, 4, 6, 4, 10, 6, 13, 8, 16, 10, 18, 12, 20, 14, 19, 15, 17, 15, 16, 14, 14, 12, 14, 10, 12, 6, 12, 3, 13, 0, 15, -3, 17, -5, 20, -5, 22, -7, 24, -7, 24, -6, 23, -6, 16, -7, 12, -7, 6, -9, 2, -11, -2, -13, -5, -16, -6, -17, -7, -19, -6, -19, -4, -18, -3, -16, 0, -12, 2, -10, 3, -5, 4, -1, 4, 2, 3, 5, 2, 7, 0, 8, -3, 8, -5, 7, -7, 5, -8, 3, -8, 0, -8, -2, -7]"
CSI_DATA,69358,2023-11-13 21:28:55.605,1,stand,d4:da:21:98:07:d9,-29,11,0,0,0,0,0,0,0,0,0,-99,0,12,2,851504138,0,37,0,104,0,"[-14, -13, -11, -11, -8, -9, -4, -7, 0, -7, 4, -7, 8, -8, 10, -10, 13, -13, 14, -15, 15, -18, 14, -19, 11, -19, 11, -20, 9, -18, 9, -16, 9, -14, 10, -10, 11, -8, 14, -5, 16, -4, 20, -3, 22, -2, 24, -1, 25, -1, 23, -2, 17, 0, 12, 2, 8, 4, 4, 6, 1, 10, -1, 13, -2, 15, -1, 17, 0, 18, 1, 18, 3, 17, 4, 14, 5, 10, 6, 7, 5, 3, 4, -1, 2, -4, 0, -6, -2, -7, -5, -7, -7, -7, -8, -5, -9, -4, -9, -1, -8, 1, -7, 2]"
CSI_DATA,69359,2023-11-13 21:28:55.621,1,stand,d4:da:21:98:07:d9,-29,11,0,0,0,0,0,0,0,0,0,-99,0,12,2,851516131,0,37,0,104,0,"[-19, -1, -16, -1, -12, -2, -8, -3, -4, -5, -1, -9, 1, -12, 1, -15, 2, -18, 1, -21, 0, -24, -2, -25, -4, -23, -4, -22, -5, -20, -3, -19, -2, -16, 1, -15, 4, -14, 8, -14, 10, -14, 14, -15, 15, -16, 18, -17, 18, -17, 17, -16, 13, -11, 11, -7, 9, -3, 7, 2, 7, 6, 8, 10, 11, 13, 10, 14, 11, 13, 12, 13, 13, 11, 12, 8, 10, 4, 9, 1, 6, -2, 3, -4, -1, -5, -4, -5, -6, -5, -8, -4, -9, -2, -10, 0, -9, 2, -8, 4, -6, 5, -3, 5]"
CSI_DATA,69360,2023-11-13 21:28:55.636,1,stand,d4:da:21:98:07:d9,-29,11,0,0,0,0,0,0,0,0,0,-99,0,12,2,851528131,0,37,0,104,0,"[-19, 2, -15, 2, -12, 1, -8, -1, -5, -5, -3, -8, -2, -12, -2, -15, -2, -18, -3, -21, -4, -23, -6, -23, -8, -21, -9, -21, -8, -18, -7, -18, -5, -15, -2, -15, 1, -14, 4, -15, 7, -16, 10, -18, 12, -19, 14, -20, 14, -21, 13, -20, 10, -14, 9, -9, 8, -5, 8, 0, 8, 4, 10, 7, 11, 10, 12, 10, 14, 10, 15, 9, 15, 8, 13, 4, 11, 1, 9, -1, 5, -3, 2, -4, -2, -5, -4, -4, -7, -3, -9, -1, -9, 1, -9, 3, -8, 4, -6, 5, -4, 6, -2, 6]"
CSI_DATA,69361,2023-11-13 21:28:55.652,1,stand,d4:da:21:98:07:d9,-29,11,0,0,0,0,0,0,0,0,0,-99,0,12,2,851544143,0,37,0,104,0,"[14, -18, 11, -14, 9, -10, 8, -6, 7, 0, 8, 5, 9, 9, 12, 11, 15, 14, 18, 15, 21, 16, 23, 15, 23, 12, 23, 11, 21, 9, 19, 10, 16, 9, 12, 11, 9, 13, 7, 16, 5, 19, 3, 23, 3, 26, 2, 29, 2, 29, 3, 27, 1, 20, -2, 15, -5, 10, -8, 5, -12, 2, -16, 0, -19, -1, -21, 0, -22, 1, -22, 3, -21, 4, -17, 6, -12, 7, -8, 7, -3, 7, 1, 5, 4, 3, 6, 0, 8, -3, 7, -6, 7, -8, 5, -10, 3, -11, 0, -10, -2, -9, -4, -7]"
CSI_DATA,69362,2023-11-13 21:28:55.667,1,stand,d4:da:21:98:07:d9,-29,11,0,0,0,0,0,0,0,0,0,-99,0,12,2,851556135,0,37,0,104,0,"[-2, -19, -1, -16, 0, -12, 2, -8, 4, -5, 8, -2, 11, 0, 14, 0, 18, 0, 20, -1, 23, -3, 23, -4, 21, -6, 21, -7, 18, -7, 17, -5, 15, -3, 13, 0, 13, 3, 13, 6, 14, 9, 15, 13, 16, 14, 18, 16, 18, 17, 17, 15, 11, 12, 7, 10, 2, 8, -2, 7, -7, 8, -11, 9, -14, 10, -13, 10, -14, 12, -13, 13, -11, 14, -7, 12, -4, 11, -1, 9, 1, 6, 3, 3, 4, -1, 4, -4, 3, -7, 2, -8, 0, -9, -2, -10, -4, -9, -5, -7, -6, -5, -7, -3]"
CSI_DATA,69363,2023-11-13 21:28:55.667,1,stand,d4:da:21:98:07:d9,-29,11,0,0,0,0,0,0,0,0,0,-99,0,12,2,851564140,0,37,0,104,0,"[-18, 7, -14, 5, -11, 3, -8, 0, -6, -3, -4, -7, -4, -11, -5, -14, -6, -18, -8, -20, -10, -22, -12, -22, -12, -19, -13, -19, -12, -16, -11, -16, -8, -14, -5, -14, -2, -14, 1, -16, 4, -17, 7, -20, 7, -21, 10, -23, 10, -23, 9, -22, 7, -16, 7, -11, 7, -6, 8, -2, 9, 2, 11, 6, 13, 7, 14, 8, 16, 7, 17, 6, 16, 4, 14, 2, 11, -1, 8, -3, 5, -4, 1, -5, -3, -5, -5, -4, -8, -2, -9, 0, -9, 2, -9, 4, -7, 5, -5, 6, -3, 7, 0, 6]"
CSI_DATA,69364,2023-11-13 21:28:55.683,1,stand,d4:da:21:98:07:d9,-29,11,0,0,0,0,0,0,0,0,0,-99,0,12,2,851583662,0,37,0,104,0,"[13, -19, 10, -16, 8, -11, 7, -7, 7, -1, 8, 4, 11, 9, 13, 11, 17, 14, 20, 15, 23, 16, 24, 14, 24, 11, 25, 10, 22, 8, 20, 9, 17, 9, 13, 10, 10, 13, 8, 17, 6, 20, 4, 24, 4, 26, 3, 30, 3, 30, 3, 28, 1, 20, -1, 15, -5, 10, -8, 5, -13, 2, -16, 0, -19, -1, -21, 0, -23, 1, -23, 3, -21, 5, -17, 6, -12, 7, -9, 8, -4, 7, 1, 5, 4, 3, 7, 0, 8, -3, 8, -6, 7, -8, 5, -10, 3, -11, 0, -11, -3, -10, -4, -7]"
CSI_DATA,69365,2023-11-13 21:28:55.699,1,stand,d4:da:21:98:07:d9,-29,11,0,0,0,0,0,0,0,0,0,-99,0,12,2,851592143,0,37,0,104,0,"[-7, -18, -6, -15, -4, -11, -1, -9, 3, -6, 7, -4, 10, -4, 13, -5, 17, -6, 19, -8, 21, -9, 21, -11, 19, -12, 18, -13, 15, -12, 15, -10, 14, -8, 13, -5, 14, -2, 15, 1, 16, 4, 19, 7, 20, 7, 22, 10, 22, 10, 21, 9, 15, 7, 10, 7, 5, 7, 0, 7, -3, 9, -6, 11, -8, 13, -8, 14, -8, 16, -7, 16, -5, 16, -2, 14, 0, 11, 2, 9, 4, 5, 4, 1, 4, -3, 3, -6, 1, -8, -1, -9, -3, -9, -5, -8, -7, -7, -7, -5, -8, -3, -7, 0]"
CSI_DATA,69366,2023-11-13 21:28:55.714,1,stand,d4:da:21:98:07:d9,-29,11,0,0,0,0,0,0,0,0,0,-99,0,12,2,851605071,0,37,0,104,0,"[-9, -19, -7, -16, -5, -12, -2, -9, 3, -6, 7, -5, 11, -5, 14, -6, 18, -7, 20, -10, 22, -12, 22, -14, 20, -14, 19, -15, 17, -14, 16, -12, 15, -9, 14, -6, 15, -2, 16, 1, 18, 4, 20, 7, 22, 8, 25, 10, 25, 10, 23, 9, 16, 8, 11, 8, 6, 7, 0, 8, -4, 10, -7, 12, -9, 14, -10, 15, -10, 17, -8, 18, -6, 17, -3, 15, 0, 12, 2, 9, 4, 5, 5, 1, 4, -3, 3, -6, 2, -8, -1, -10, -3, -10, -5, -10, -7, -8, -8, -6, -8, -3, -8, -1]"
CSI_DATA,69367,2023-11-13 21:28:55.730,1,stand,d4:da:21:98:07:d9,-29,11,0,0,0,0,0,0,0,0,0,-99,0,12,2,851616350,0,37,0,104,0,"[10, -20, 8, -16, 7, -12, 6, -7, 7, -2, 9, 3, 11, 7, 14, 9, 18, 11, 21, 12, 24, 12, 26, 11, 25, 8, 25, 7, 22, 5, 20, 6, 17, 7, 14, 8, 11, 11, 9, 15, 8, 18, 7, 23, 7, 25, 7, 29, 7, 29, 7, 27, 4, 20, 1, 15, -3, 10, -7, 6, -12, 4, -15, 2, -19, 2, -20, 3, -21, 4, -21, 6, -20, 7, -15, 8, -11, 9, -7, 9, -2, 7, 2, 5, 5, 2, 6, -1, 7, -4, 7, -7, 6, -9, 4, -11, 1, -11, -1, -10, -4, -9, -5, -7]"
CSI_DATA,69368,2023-11-13 21:28:55.730,1,stand,d4:da:21:98:07:d9,-29,11,0,0,0,0,0,0,0,0,0,-99,0,12,2,851624138,0,37,0,104,0,"[5, 17, 4, 14, 2, 11, 0, 8, -4, 5, -8, 3, -11, 2, -14, 3, -18, 4, -20, 5, -22, 7, -22, 9, -20, 10, -20, 11, -17, 10, -16, 8, -15, 6, -14, 3, -14, 0, -16, -3, -17, -6, -19, -9, -20, -10, -22, -12, -22, -12, -22, -11, -15, -9, -10, -8, -6, -8, -1, -8, 3, -10, 6, -11, 8, -13, 8, -15, 8, -16, 6, -17, 5, -17, 2, -14, -1, -12, -3, -9, -4, -5, -5, -2, -5, 2, -4, 4, -2, 7, 0, 8, 2, 8, 4, 8, 5, 6, 6, 4, 6, 2, 6, 0]"
CSI_DATA,69369,2023-11-13 21:28:55.745,1,stand,d4:da:21:98:07:d9,-29,11,0,0,0,0,0,0,0,0,0,-99,0,12,2,851637183,0,37,0,104,0,"[-19, 2, -15, 1, -12, 0, -9, -2, -5, -5, -3, -8, -2, -12, -1, -15, -2, -18, -3, -21, -4, -24, -6, -24, -7, -22, -8, -21, -8, -18, -6, -18, -5, -16, -2, -15, 2, -14, 5, -15, 8, -16, 11, -17, 13, -19, 15, -20, 15, -20, 14, -19, 11, -13, 9, -9, 8, -4, 8, 1, 8, 4, 8, 8, 12, 11, 11, 11, 13, 11, 14, 10, 14, 9, 13, 5, 11, 2, 9, -1, 5, -3, 2, -4, -2, -5, -5, -5, -7, -4, -9, -2, -9, 0, -9, 2, -8, 4, -7, 5, -4, 6, -2, 6]"
CSI_DATA,69370,2023-11-13 21:28:55.745,1,stand,d4:da:21:98:07:d9,-29,11,0,0,0,0,0,0,0,0,0,-99,0,12,2,851644138,0,37,0,104,0,"[8, -21, 6, -17, 6, -12, 5, -8, 6, -2, 8, 2, 11, 5, 14, 7, 18, 9, 21, 10, 24, 9, 26, 8, 25, 5, 25, 4, 22, 3, 20, 4, 17, 4, 15, 7, 12, 10, 10, 14, 9, 17, 9, 21, 10, 23, 10, 26, 10, 27, 9, 24, 5, 18, 2, 14, -2, 10, -7, 7, -11, 5, -15, 4, -18, 4, -19, 5, -20, 6, -20, 8, -17, 9, -14, 10, -9, 9, -6, 9, -1, 7, 2, 4, 5, 1, 6, -2, 6, -5, 6, -7, 4, -10, 3, -11, 0, -11, -3, -10, -5, -8, -6, -6]"
CSI_DATA,69371,2023-11-13 21:28:55.762,1,stand,d4:da:21:98:07:d9,-29,11,0,0,0,0,0,0,0,0,0,-99,0,12,2,851656137,0,37,0,104,0,"[0, -19, -1, -16, 1, -12, 2, -8, 5, -4, 8, -2, 11, 0, 14, 1, 17, 1, 20, 0, 23, -1, 23, -3, 21, -5, 21, -6, 18, -5, 17, -4, 15, -2, 13, 0, 13, 3, 13, 7, 14, 10, 15, 13, 16, 14, 17, 17, 17, 17, 16, 16, 11, 12, 7, 10, 2, 8, -3, 7, -7, 8, -10, 8, -12, 9, -13, 11, -13, 12, -12, 13, -10, 13, -7, 12, -3, 10, -1, 9, 1, 5, 3, 2, 4, -1, 4, -4, 3, -7, 2, -8, 0, -9, -2, -10, -4, -9, -6, -7, -7, -5, -7, -2]"
CSI_DATA,69372,2023-11-13 21:28:55.762,1,stand,d4:da:21:98:07:d9,-29,11,0,0,0,0,0,0,0,0,0,-99,0,12,2,851664180,0,37,0,104,0,"[15, -18, 12, -15, 10, -10, 8, -6, 8, 0, 8, 5, 10, 9, 12, 12, 15, 15, 19, 16, 22, 17, 24, 16, 23, 13, 24, 12, 21, 10, 19, 11, 15, 10, 12, 11, 9, 13, 6, 17, 4, 20, 3, 24, 3, 27, 2, 30, 2, 30, 3, 28, 0, 20, -2, 15, -5, 10, -9, 5, -12, 2, -16, 0, -19, -1, -21, -1, -22, 1, -22, 3, -21, 5, -17, 6, -12, 7, -8, 8, -3, 7, 1, 5, 4, 3, 7, 0, 8, -3, 8, -6, 7, -9, 5, -10, 3, -11, 0, -11, -3, -10, -5, -7]"
CSI_DATA,69373,2023-11-13 21:28:55.777,1,stand,d4:da:21:98:07:d9,-29,11,0,0,0,0,0,0,0,0,0,-99,0,12,2,851676392,0,37,0,104,0,"[14, 13, 11, 11, 8, 9, 4, 7, -1, 7, -6, 7, -10, 8, -12, 10, -15, 13, -17, 16, -17, 18, -16, 20, -14, 20, -13, 20, -11, 18, -11, 16, -11, 13, -12, 10, -14, 7, -17, 4, -19, 2, -23, 1, -25, 0, -28, -1, -28, -1, -26, 0, -19, -2, -14, -4, -9, -5, -5, -8, -1, -11, 1, -14, 2, -17, 2, -18, 1, -20, 0, -20, -2, -19, -4, -16, -6, -12, -7, -8, -7, -4, -6, 0, -4, 3, -2, 6, 1, 7, 3, 8, 5, 7, 7, 6, 8, 4, 8, 2, 8, -1, 6, -3]"
CSI_DATA,69374,2023-11-13 21:28:55.793,1,stand,d4:da:21:98:07:d9,-29,11,0,0,0,0,0,0,0,0,0,-99,0,12,2,851684711,0,37,0,104,0,"[1, 22, 1, 17, 0, 13, -2, 9, -6, 5, -10, 2, -14, 1, -18, 2, -22, 0, -25, 2, -28, 4, -28, 6, -26, 7, -25, 8, -22, 8, -21, 6, -18, 4, -17, 0, -17, -4, -17, -8, -19, -11, -20, -15, -22, -16, -24, -19, -24, -19, -23, -17, -16, -14, -10, -12, -5, -10, 1, -10, 6, -10, 10, -12, 12, -13, 13, -15, 13, -17, 12, -18, 10, -18, 6, -17, 2, -14, -1, -11, -4, -8, -5, -4, -6, 1, -6, 4, -4, 7, -2, 9, 0, 10, 3, 10, 5, 9, 6, 7, 7, 4, 7, 1]"
CSI_DATA,69375,2023-11-13 21:28:55.808,1,stand,d4:da:21:98:07:d9,-29,11,0,0,0,0,0,0,0,0,0,-99,0,12,2,851696417,0,37,0,104,0,"[18, 0, 15, 0, 11, 1, 7, 2, 3, 5, 1, 8, -1, 11, -2, 14, -2, 18, -1, 20, 0, 23, 2, 23, 3, 22, 4, 22, 4, 19, 2, 17, 1, 15, -2, 13, -5, 13, -9, 13, -11, 13, -15, 14, -16, 15, -19, 17, -19, 17, -18, 16, -14, 10, -12, 6, -9, 2, -8, -3, -8, -7, -8, -11, -9, -13, -10, -14, -12, -14, -13, -13, -14, -11, -13, -8, -12, -5, -10, -2, -7, 1, -4, 3, -1, 4, 3, 5, 5, 4, 7, 3, 8, 1, 9, -1, 8, -3, 6, -5, 4, -6, 2, -7]"
CSI_DATA,69376,2023-11-13 21:28:55.808,1,stand,d4:da:21:98:07:d9,-29,11,0,0,0,0,0,0,0,0,0,-99,0,12,2,851708142,0,37,0,104,0,"[18, 1, 15, 0, 11, 1, 7, 3, 3, 5, 0, 8, -1, 11, -2, 14, -3, 17, -2, 20, -1, 23, 0, 23, 2, 21, 3, 21, 3, 19, 2, 18, 0, 15, -3, 13, -6, 12, -9, 12, -12, 12, -16, 13, -18, 14, -20, 15, -20, 15, -19, 14, -14, 9, -12, 5, -9, 1, -8, -4, -7, -8, -7, -11, -8, -14, -9, -15, -10, -16, -11, -15, -12, -13, -12, -9, -11, -6, -10, -3, -7, 0, -4, 3, -1, 4, 2, 5, 5, 5, 6, 4, 8, 2, 9, 0, 8, -2, 7, -4, 5, -5, 3, -6]"
